"member_id","assembly","name","name_hanja","name_eng","party","party_elected","district","district_type","committees","gender","birth_date","seniority","n_bills","n_bills_lead"
"XQ98168F",20,"강길부","姜吉夫","KANG GHILBOO","무소속","무소속","울산 울주군","constituency","교육문화체육관광위원회, 예산결산특별위원회, 4차 산업혁명 특별위원회, 산업통상자원중소벤처기업위원회","M",1942-06-05,4,314,21
"60490713",20,"강병원","姜炳遠","KANG BYUNGWON","더불어민주당","더불어민주당","서울 은평구을","constituency","국회운영위원회, 환경노동위원회, 정치발전 특별위원회, 예산결산특별위원회, 헌법재판소장(이진성) 임명동의에 관한 인사청문특별위원회, 미세먼지 대책 특별위원회, 산업통상자원중소벤처기업위원회, 기획재정위원회","M",1971-07-09,1,1078,94
"IH436704",20,"강석진","姜錫振","KANG SEOGJIN","자유한국당","새누리당","경남 산청군함양군거창군합천군","constituency","국회운영위원회, 보건복지위원회, 예산결산특별위원회, 농림축산식품해양수산위원회","M",1959-12-07,1,694,53
"8I61593E",20,"강석호","姜碩鎬","KANG SEOKHO","자유한국당","새누리당","경북 영양군영덕군봉화군울진군","constituency","안전행정위원회, 행정안전위원회, 정치개혁 특별위원회, 정보위원회, 외교통일위원회, 농림축산식품해양수산위원회","M",1955-12-03,3,585,43
"TOU1222X",20,"강창일","姜昌一","KANG CHANGIL","더불어민주당","더불어민주당","제주 제주시갑","constituency","외교통일위원회, 헌법개정 특별위원회, 예산결산특별위원회, 행정안전위원회, 과학기술정보방송통신위원회","M",1952-01-28,4,1131,89
"9WQ7845Z",20,"강효상","姜孝祥","KHANG HYOSHANG","자유한국당","새누리당","비례대표","proportional","미래창조과학방송통신위원회, 헌법개정 특별위원회, 국무총리(이낙연) 임명동의에 관한 인사청문특별위원회, 과학기술정보방송통신위원회, 재난안전 대책 특별위원회, 청년미래 특별위원회, 사법개혁특별위원회, 환경노동위원회, 공공부문 채용비리 의혹과 관련된 국정조사특별위원회, 국회운영위원회, 법제사법위원회, 대법관(노태악) 임명동의에 관한 인사청문특별위원회","M",1961-03-01,1,393,74
"TRE2429O",20,"강훈식","姜勳植","KANG HOONSIK","더불어민주당","더불어민주당","충남 아산시을","constituency","국토교통위원회, 국회운영위원회, 미세먼지 대책 특별위원회, 헌법재판소 재판관 선출에 관한 인사청문특별위원회, 4차 산업혁명 특별위원회, 예산결산특별위원회","M",1973-10-24,1,1478,75
"23D73143",20,"경대수","慶大秀","KYEONG DAESOO","자유한국당","새누리당","충북 증평군진천군음성군","constituency","국방위원회, 정치발전 특별위원회, 국무총리(이낙연) 임명동의에 관한 인사청문특별위원회, 예산결산특별위원회, 농림축산식품해양수산위원회","M",1958-03-18,2,934,55
"6V37131U",20,"고용진","高榕진","KOH YONGJIN","더불어민주당","더불어민주당","서울 노원구갑","constituency","미래창조과학방송통신위원회, 평창동계올림픽 및 국제경기대회지원 특별위원회, 과학기술정보방송통신위원회, 대법원장(김명수) 임명동의에 관한 인사청문특별위원회, 정무위원회, 국회운영위원회","M",1964-08-06,1,1284,78
"Q6A9034Q",20,"곽대훈","郭大勳","KWAK DAEHOON","자유한국당","새누리당","대구 달서구갑","constituency","산업통상자원위원회, 지방재정·분권 특별위원회, 예산결산특별위원회, 산업통상자원중소벤처기업위원회, 에너지 특별위원회","M",1955-06-05,1,1056,64
"MHK9919B",20,"곽상도","郭尙道","KWAK SANGDO","자유한국당","새누리당","대구 중구남구","constituency","교육문화체육관광위원회, 윤리특별위원회, 헌법재판소장(김이수) 임명동의에 관한 인사청문특별위원회, 대법관(박정화·조재연) 임명동의에 관한 인사청문특별위원회, 대법원장(김명수) 임명동의에 관한 인사청문특별위원회, 감사원장(최재형) 임명동의에 관한 인사청문특별위원회, 국회운영위원회, 사법개혁특별위원회, 예산결산특별위원회, 정무위원회, 대법관(김선수·노정희·이동원) 임명동의에 관한 인사청문특별위원회, 교육위원회, 헌법재판소장(유남석) 임명동의에 관한 인사청문특별위원회, 사법개혁 특별위원회","M",1959-12-23,1,447,69
"RH454994",20,"권미혁","權美赫","KWON MIHYUK","더불어민주당","더불어민주당","비례대표","proportional","보건복지위원회, 여성가족위원회, 저출산·고령화대책 특별위원회, 대법관(박정화·조재연) 임명동의에 관한 인사청문특별위원회, 헌법개정 특별위원회, 행정안전위원회, 윤리특별위원회, 국회운영위원회, 정치개혁 특별위원회, 예산결산특별위원회","F",1959-01-10,1,1155,129
"O149331C",20,"권석창","權錫昌","KWON SOKCHANG","새누리당","새누리당","충북 제천시단양군","constituency","국회운영위원회, 농림축산식품해양수산위원회, 예산결산특별위원회, 헌법재판소장(이진성) 임명동의에 관한 인사청문특별위원회, 재난안전 대책 특별위원회","M",1966-08-06,1,462,20
"GDG1847Z",20,"권성동","權性東","KWEON SEONGDONG","자유한국당","새누리당","강원 강릉시","constituency","법제사법위원회, 평창동계올림픽 및 국제경기대회지원 특별위원회, 헌법개정 특별위원회, 기획재정위원회, 예산결산특별위원회, 헌법재판소장(유남석) 임명동의에 관한 인사청문특별위원회","M",1960-04-29,3,592,40
"YKW37422",20,"권은희","權垠希","KWON EUNHEE","바른미래당","국민의당","광주 광산구을","constituency","안전행정위원회, 행정안전위원회, 국회운영위원회, 청년미래 특별위원회, 사법개혁특별위원회, 예산결산특별위원회, 사법개혁 특별위원회","F",1974-02-15,2,553,64
"C7E79345",20,"권칠승","權七勝","KWON CHILSEUNG","더불어민주당","더불어민주당","경기 화성시병","constituency","산업통상자원위원회, 지방재정·분권 특별위원회, 국회운영위원회, 산업통상자원중소벤처기업위원회, 청년미래 특별위원회, 에너지 특별위원회, 사법개혁 특별위원회, 대법관(노태악) 임명동의에 관한 인사청문특별위원회","M",1965-11-18,1,1827,119
"QZR19240",20,"금태섭","琴泰燮","KEUM TAESUP","더불어민주당","더불어민주당","서울 강서구갑","constituency","법제사법위원회, 여성가족위원회, 가습기살균제 사고 진상규명과 피해구제 및 재발방지 대책마련을 위한 국정조사특별위원회, 예산결산특별위원회, 저출산·고령화대책 특별위원회, 헌법재판소장(김이수) 임명동의에 관한 인사청문특별위원회, 감사원장(최재형) 임명동의에 관한 인사청문특별위원회, 국회운영위원회, 대법관(김선수·노정희·이동원) 임명동의에 관한 인사청문특별위원회, 농림축산식품해양수산위원회, 공공부문 채용비리 의혹과 관련된 국정조사특별위원회, 윤리특별위원회, 대법관(노태악) 임명동의에 관한 인사청문특별위원회","M",1967-09-29,1,817,76
"B7R2742J",20,"기동민","奇東旻","KI DONGMIN","더불어민주당","더불어민주당","서울 성북구을","constituency","국회운영위원회, 보건복지위원회, 남북관계개선 특별위원회, 대법원장(김명수) 임명동의에 관한 인사청문특별위원회, 대법관(김선수·노정희·이동원) 임명동의에 관한 인사청문특별위원회, 정치개혁 특별위원회, 예산결산특별위원회, 대법관(노태악) 임명동의에 관한 인사청문특별위원회, 국회 코로나19 대책 특별위원회","M",1966-02-23,1,1605,116
"PP08673W",20,"김경수","金慶洙","KIM KYOUNGSOO","더불어민주당","더불어민주당","경남 김해시을","constituency","산업통상자원위원회, 국회운영위원회, 산업통상자원중소벤처기업위원회","M",1967-12-01,1,281,53
"YVN3115U",20,"김경진","金京鎭","KIM KYUNGJIN","국민의당","국민의당","광주 북구갑","constituency","미래창조과학방송통신위원회, 박근혜 정부의 최순실 등 민간인에 의한 국정농단 의혹사건 진상규명을 위한 국정조사특별위원회, 헌법재판소장(김이수) 임명동의에 관한 인사청문특별위원회, 예산결산특별위원회, 과학기술정보방송통신위원회, 국회운영위원회, 감사원장(최재형) 임명동의에 관한 인사청문특별위원회, 헌법재판소 재판관 선출에 관한 인사청문특별위원회, 대법관(김상환) 임명동의에 관한 인사청문특별위원회","M",1966-07-14,1,1429,78
"ZKU88693",20,"김경협","金炅俠","KIM KYUNGHYUP","더불어민주당","더불어민주당","경기 부천시원미구갑","constituency","예산결산특별위원회, 외교통일위원회, 민생경제 특별위원회, 헌법개정 특별위원회, 헌법개정 및 정치개혁 특별위원회, 기획재정위원회, 남북경제협력 특별위원회","M",1962-11-07,2,1291,67
"W168182V",20,"김관영","金寬永","KIM KWANYOUNG","국민의당","국민의당","전북 군산시","constituency","국회상임위원회 위원정수에 관한 규칙 개정 특별위원회, 국회운영위원회, 정무위원회, 평창동계올림픽 및 국제경기대회지원 특별위원회, 헌법개정 특별위원회, 헌법개정 및 정치개혁 특별위원회, 예산결산특별위원회, 산업통상자원중소벤처기업위원회, 정보위원회","M",1969-11-15,2,1596,153
"MGE7194M",20,"김광림","金光琳","KIM GWANGLIM","자유한국당","새누리당","경북 안동시","constituency","기획재정위원회, 헌법개정 특별위원회, 예산결산특별위원회","M",1948-04-28,3,562,30
"3NM5411H",20,"김광수","金光守","KIM KWANGSOO","민주평화당","국민의당","전북 전주시갑","constituency","보건복지위원회, 예산결산특별위원회, 저출산·고령화대책 특별위원회, 국무총리(이낙연) 임명동의에 관한 인사청문특별위원회, 헌법개정 및 정치개혁 특별위원회, 공공부문 채용비리 의혹과 관련된 국정조사특별위원회, 국회 코로나19 대책 특별위원회","M",1958-06-11,1,1324,152
"OC037566",20,"김규환","金奎煥","KIM GYUHWAN","자유한국당","새누리당","비례대표","proportional","산업통상자원위원회, 미래일자리 특별위원회, 평창동계올림픽 및 국제경기대회지원 특별위원회, 산업통상자원중소벤처기업위원회, 국회운영위원회, 정무위원회","M",1956-06-18,1,731,45
"NNP30098",20,"김기선","金起善","KIM KISUN","자유한국당","새누리당","강원 원주시갑","constituency","산업통상자원위원회, 윤리특별위원회, 평창동계올림픽 및 국제경기대회지원 특별위원회, 예산결산특별위원회, 산업통상자원중소벤처기업위원회","M",1952-10-29,2,609,83
"LH97552Q",20,"김도읍","金度邑","KIM DOEUP","자유한국당","새누리당","부산 북구강서구을","constituency","국회상임위원회 위원정수에 관한 규칙 개정 특별위원회, 국회운영위원회, 정무위원회, 외교통일위원회, 산업통상자원위원회, 헌법재판소장(김이수) 임명동의에 관한 인사청문특별위원회, 예산결산특별위원회, 산업통상자원중소벤처기업위원회, 법제사법위원회, 정보위원회, 대법관(김선수·노정희·이동원) 임명동의에 관한 인사청문특별위원회, 대법관(김상환) 임명동의에 관한 인사청문특별위원회, 사법개혁 특별위원회, 환경노동위원회","M",1964-07-06,2,990,238
"DCR84445",20,"김동철","金東喆","KIM DONGCHEOL","국민의당","국민의당","광주 광산구갑","constituency","보건복지위원회, 윤리특별위원회, 국방위원회, 예산결산특별위원회, 헌법개정 특별위원회, 정보위원회, 국회운영위원회, 환경노동위원회, 헌법재판소 재판관 선출에 관한 인사청문특별위원회, 정치개혁 특별위원회","M",1955-06-30,4,787,91
"CI15627C",20,"김두관","金斗官","KIM DUKWAN","더불어민주당","더불어민주당","경기 김포시갑","constituency","기획재정위원회, 예산결산특별위원회, 남북관계개선 특별위원회","M",1959-04-10,1,740,44
"9EA39580",20,"김명연","金明淵","KIM MYUNGYEON","자유한국당","새누리당","경기 안산시단원구갑","constituency","국회운영위원회, 보건복지위원회, 여성가족위원회, 예산결산특별위원회","M",1964-02-28,2,788,76
"SNJ6318D",20,"김무성","金武星","KIM MOOSUNG","자유한국당","새누리당","부산 중구영도구","constituency","외교통일위원회","M",1951-09-20,6,307,2
"NTT8182Q",20,"김민기","金敏基","KIM MINKI","더불어민주당","더불어민주당","경기 용인시을","constituency","교육문화체육관광위원회, 재난안전 대책 특별위원회, 정보위원회, 행정안전위원회, 공공부문 채용비리 의혹과 관련된 국정조사특별위원회","M",1966-04-28,2,1196,95
"QB390802",20,"김병관","金炳官","KIM BYOUNGGWAN","더불어민주당","더불어민주당","경기 성남시분당구갑","constituency","산업통상자원위원회, 산업통상자원중소벤처기업위원회, 청년미래 특별위원회, 행정안전위원회, 법제사법위원회, 4차 산업혁명 특별위원회","M",1973-01-15,1,917,60
"8Q88373R",20,"김병기","金炳基","KIM BYUNGKEE","더불어민주당","더불어민주당","서울 동작구갑","constituency","국방위원회, 정보위원회, 예산결산특별위원회, 과학기술정보방송통신위원회","M",1961-07-10,1,1573,81
"GFF1986K",20,"김병욱","金炳旭","KIM BYUNGWOOK","더불어민주당","더불어민주당","경기 성남시분당구을","constituency","교육문화체육관광위원회, 국회상임위원회 위원정수에 관한 규칙 개정 특별위원회, 윤리특별위원회, 국회운영위원회, 정무위원회, 예산결산특별위원회, 대법관(박정화·조재연) 임명동의에 관한 인사청문특별위원회, 미세먼지 대책 특별위원회","M",1965-04-15,1,1522,119
"UIZ3103R",20,"김부겸","金富謙","KIM BOOKYUM","더불어민주당","더불어민주당","대구 수성구갑","constituency","기획재정위원회, 예산결산특별위원회, 국방위원회, 농림축산식품해양수산위원회, 보건복지위원회, 법제사법위원회, 외교통일위원회","M",1958-01-21,4,286,27
"ZL32287Z",20,"김삼화","金三和","KIM SAMHWA","국민의당","국민의당","비례대표","proportional","여성가족위원회, 환경노동위원회, 윤리특별위원회, 가습기살균제 사고 진상규명과 피해구제 및 재발방지 대책마련을 위한 국정조사특별위원회, 미세먼지 대책 특별위원회, 대법관(민유숙·안철상) 임명동의에 관한 인사청문특별위원회, 산업통상자원중소벤처기업위원회, 국회운영위원회, 에너지 특별위원회, 예산결산특별위원회","F",1962-08-01,1,1745,160
"1Y73132H",20,"김상훈","金相勳","KIM SANGHOON","자유한국당","새누리당","대구 서구","constituency","보건복지위원회, 가습기살균제 사고 진상규명과 피해구제 및 재발방지 대책마련을 위한 국정조사특별위원회, 국토교통위원회, 헌법재판소 재판관 선출에 관한 인사청문특별위원회, 국무총리(정세균) 임명동의에 관한 인사청문특별위원회","M",1963-01-25,2,859,84
"UGH6481E",20,"김상희","金相姬","KIM SANGHEE","더불어민주당","더불어민주당","경기 부천시소사구","constituency","보건복지위원회, 민생경제 특별위원회, 정치개혁 특별위원회, 헌법개정 및 정치개혁 특별위원회, 예산결산특별위원회, 국회 코로나19 대책 특별위원회","F",1954-05-18,3,1843,146
"ZYP7962W",20,"김석기","金碩基","KIM SEOKKI","자유한국당","새누리당","경북 경주시","constituency","교육문화체육관광위원회, 미래일자리 특별위원회, 재난안전 대책 특별위원회, 국토교통위원회, 에너지 특별위원회, 예산결산특별위원회","M",1954-08-06,1,1162,48
"DTG4846A",20,"김선동","金善東","KIM SEONDONG","자유한국당","새누리당","서울 도봉구을","constituency","예산결산특별위원회, 정무위원회, 국회운영위원회","M",1963-10-09,2,709,36
"GXT11570",20,"김성수","金聖洙","KIM SUNGSOO","더불어민주당","더불어민주당","비례대표","proportional","미래창조과학방송통신위원회, 헌법재판소장(김이수) 임명동의에 관한 인사청문특별위원회, 과학기술정보방송통신위원회, 4차 산업혁명 특별위원회","M",1956-09-09,1,948,38
"RCF90176",20,"김성식","金成植","KIM SONGSIK","국민의당","국민의당","서울 관악구갑","constituency","기획재정위원회, 예산결산특별위원회, 저출산·고령화대책 특별위원회, 4차 산업혁명 특별위원회, 정치개혁 특별위원회","M",1958-12-16,2,193,21
"9D939735",20,"김성원","金成願","KIM SUNGWON","자유한국당","새누리당","경기 동두천시연천군","constituency","국회상임위원회 위원정수에 관한 규칙 개정 특별위원회, 국회운영위원회, 정무위원회, 가습기살균제 사고 진상규명과 피해구제 및 재발방지 대책마련을 위한 국정조사특별위원회, 남북관계개선 특별위원회, 국무총리(이낙연) 임명동의에 관한 인사청문특별위원회, 예산결산특별위원회, 남북경제협력 특별위원회, 여성가족위원회","M",1973-10-15,1,1376,112
"PAB29217",20,"김성찬","金盛贊","KIM SUNGCHAN","자유한국당","새누리당","경남 창원시진해구","constituency","농림축산식품해양수산위원회, 민생경제 특별위원회, 정보위원회","M",1954-05-07,2,1250,91
"9UW75767",20,"김성태","金成泰","KIM SEANGTAE","자유한국당","새누리당","비례대표","proportional","미래창조과학방송통신위원회, 윤리특별위원회, 미래일자리 특별위원회, 헌법개정 특별위원회, 과학기술정보방송통신위원회, 4차 산업혁명 특별위원회, 헌법개정 및 정치개혁 특별위원회","M",1954-07-24,1,538,23
"BQS2021C",20,"김성태","金聖泰","KIM SUNGTAE","새누리당","새누리당","서울 강서구을","constituency","국토교통위원회, 박근혜 정부의 최순실 등 민간인에 의한 국정농단 의혹사건 진상규명을 위한 국정조사특별위원회, 국회운영위원회, 정보위원회, 외교통일위원회, 문화체육관광위원회, 국방위원회, 행정안전위원회","M",1958-05-23,3,421,29
"XSP20229",20,"김성환","金星煥","KIM SUNGWHAN","더불어민주당","더불어민주당","서울 노원구병","constituency","산업통상자원중소벤처기업위원회, 에너지 특별위원회","M",1965-10-15,1,101,12
"2WQ6656P",20,"김세연","金世淵","KIM SEYEON","자유한국당","새누리당","부산 금정구","constituency","교육문화체육관광위원회, 정치발전 특별위원회, 국회운영위원회, 4차 산업혁명 특별위원회, 보건복지위원회","M",1972-07-15,3,483,35
"5K343700",20,"김수민","金秀玟","KIM SUMIN","바른미래당","국민의당","비례대표","proportional","산업통상자원위원회, 산업통상자원중소벤처기업위원회, 4차 산업혁명 특별위원회, 국토교통위원회, 여성가족위원회, 문화체육관광위원회, 예산결산특별위원회, 국회운영위원회","F",1986-12-25,1,1244,79
"7KD2317D",20,"김순례","金順禮","KIM SOONRYE","자유한국당","새누리당","비례대표","proportional","보건복지위원회, 여성가족위원회, 남북관계개선 특별위원회, 환경노동위원회, 국회운영위원회, 국회 코로나19 대책 특별위원회","F",1955-06-27,1,513,48
"8WC7967F",20,"김승희","金承禧","KIM SEUNGHEE","자유한국당","새누리당","비례대표","proportional","안전행정위원회, 보건복지위원회, 민생경제 특별위원회, 여성가족위원회, 미세먼지 대책 특별위원회, 국회운영위원회, 예산결산특별위원회, 대법관(김선수·노정희·이동원) 임명동의에 관한 인사청문특별위원회, 윤리특별위원회, 대법관(김상환) 임명동의에 관한 인사청문특별위원회, 국회 코로나19 대책 특별위원회","F",1954-02-06,1,1117,167
"PLR62452",20,"김영우","金榮宇","KIM YOUNGWOO","자유한국당","새누리당","경기 포천시가평군","constituency","국방위원회, 행정안전위원회","M",1967-01-20,3,372,21
"0W194007",20,"김영주","金榮珠","KIM YOUNGJOO","더불어민주당","더불어민주당","서울 영등포구갑","constituency","정무위원회, 민생경제 특별위원회, 과학기술정보방송통신위원회, 문화체육관광위원회","F",1955-07-27,3,741,49
"5765663F",20,"김영진","金榮鎭","KIM YOUNGJIN","더불어민주당","더불어민주당","경기 수원시병","constituency","안전행정위원회, 지방재정·분권 특별위원회, 윤리특별위원회, 행정안전위원회, 산업통상자원중소벤처기업위원회, 국토교통위원회, 기획재정위원회","M",1967-09-10,1,1092,95
"TWL5801D",20,"김영춘","金榮春","KIM YOUNGCHOON","더불어민주당","더불어민주당","부산 부산진구갑","constituency","농림축산식품해양수산위원회, 안전행정위원회, 행정안전위원회, 과학기술정보방송통신위원회, 국방위원회, 문화체육관광위원회","M",1962-02-05,3,686,49
"7BM2933Y",20,"김영호","金映豪","KIM YOUNGHO","더불어민주당","더불어민주당","서울 서대문구을","constituency","안전행정위원회, 행정안전위원회, 재난안전 대책 특별위원회, 헌법재판소장(유남석) 임명동의에 관한 인사청문특별위원회, 윤리특별위원회, 공공부문 채용비리 의혹과 관련된 국정조사특별위원회, 국회운영위원회, 과학기술정보방송통신위원회, 국무총리(정세균) 임명동의에 관한 인사청문특별위원회, 국회 코로나19 대책 특별위원회","M",1967-09-13,1,1157,87
"AMF4093D",20,"김용태","金容兌","KIM YONGTAE","자유한국당","새누리당","서울 양천구을","constituency","정무위원회, 국무총리(이낙연) 임명동의에 관한 인사청문특별위원회","M",1968-03-26,3,466,22
"M3Z17237",20,"김재경","金在庚","KIM JAEKYUNG","자유한국당","새누리당","경남 진주시을","constituency","미래창조과학방송통신위원회, 정치발전 특별위원회, 헌법개정 특별위원회, 과학기술정보방송통신위원회, 미세먼지 대책 특별위원회, 헌법개정 및 정치개혁 특별위원회, 외교통일위원회","M",1961-10-10,4,417,27
"QZU9232M",20,"김재원","金在原","KIM JAEWON","자유한국당","자유한국당","경북 상주시군위군의성군청송군","constituency","국토교통위원회, 정치개혁 특별위원회, 교육문화체육관광위원회, 문화체육관광위원회, 에너지 특별위원회, 예산결산특별위원회","M",1964-12-20,3,411,22
"6RP89579",20,"김정우","金政祐","KIM CHUNGWOO","더불어민주당","더불어민주당","경기 군포시갑","constituency","안전행정위원회, 기획재정위원회, 4차 산업혁명 특별위원회, 여성가족위원회","M",1968-06-18,1,2170,109
"E1J8836Y",20,"김정재","金汀才","KIM JUNGJAE","자유한국당","새누리당","경북 포항시북구","constituency","국회상임위원회 위원정수에 관한 규칙 개정 특별위원회, 미래창조과학방송통신위원회, 국회운영위원회, 과학기술정보방송통신위원회, 재난안전 대책 특별위원회, 농림축산식품해양수산위원회, 산업통상자원중소벤처기업위원회, 예산결산특별위원회","F",1966-02-15,1,1240,89
"9LD2641Q",20,"김정호","金禎鎬","KIM JUNGHO","더불어민주당","더불어민주당","경남 김해시을","constituency","국토교통위원회, 기획재정위원회, 국회운영위원회, 정치개혁 특별위원회, 예산결산특별위원회","M",1960-06-18,1,389,42
"64G6894C",20,"김정훈","金正薰","KIM JUNGHOON","자유한국당","새누리당","부산 남구갑","constituency","산업통상자원위원회, 헌법개정 특별위원회, 산업통상자원중소벤처기업위원회, 정무위원회","M",1957-11-03,4,189,17
"I0F2578R",20,"김종대","金鍾大","KIM JONGDAE","정의당","정의당","비례대표","proportional","국방위원회, 남북관계개선 특별위원회, 예산결산특별위원회, 남북경제협력 특별위원회","M",1966-11-13,1,769,27
"M2Q9024I",20,"김종민","金鍾民","KIM JONGMIN","더불어민주당","더불어민주당","충남 논산시계룡시금산군","constituency","기획재정위원회, 예산결산특별위원회, 지방재정·분권 특별위원회, 헌법개정 특별위원회, 대법관(박정화·조재연) 임명동의에 관한 인사청문특별위원회, 헌법개정 및 정치개혁 특별위원회, 국회운영위원회, 과학기술정보방송통신위원회, 행정안전위원회, 법제사법위원회, 정치개혁 특별위원회, 농림축산식품해양수산위원회","M",1964-05-12,1,1074,60
"06X3845L",20,"김종석","金鍾奭","KIM JONGSEOK","자유한국당","새누리당","비례대표","proportional","외교통일위원회, 정무위원회, 남북관계개선 특별위원회, 예산결산특별위원회, 4차 산업혁명 특별위원회, 윤리특별위원회","M",1955-08-01,1,541,34
"E5N8503B",20,"김종인","金鍾仁","KIM CHONGIN","더불어민주당","더불어민주당","비례대표","proportional","기획재정위원회","M",1940-07-11,5,19,1
"K1Y45873",20,"김종태","金鍾泰","KIM JONGTAE","새누리당","새누리당","경북 상주시군위군의성군청송군","constituency","국토교통위원회","M",1949-03-16,2,124,10
"HTK5293K",20,"김종회","金鍾懷","KIM JONGHOE","국민의당","국민의당","전북 김제시부안군","constituency","농림축산식품해양수산위원회, 예산결산특별위원회, 과학기술정보방송통신위원회","M",1965-08-24,1,2006,180
"A935446Z",20,"김종훈","金鍾勳","KIM JONGHOON","무소속","무소속","울산 동구","constituency","산업통상자원위원회, 윤리특별위원회, 산업통상자원중소벤처기업위원회, 청년미래 특별위원회, 과학기술정보방송통신위원회, 예산결산특별위원회","M",1964-07-03,1,490,20
"SY09851R",20,"김중로","金中魯","KIM JOONGRO","국민의당","국민의당","비례대표","proportional","국방위원회, 청년미래 특별위원회","M",1950-10-27,1,1072,89
"N6C1899K",20,"김진태","金鎭台","KIM JINTAE","자유한국당","새누리당","강원 춘천시","constituency","법제사법위원회, 대법관(김재형) 임명동의에 관한 인사청문특별위원회, 대법관(민유숙·안철상) 임명동의에 관한 인사청문특별위원회, 헌법개정 및 정치개혁 특별위원회, 정무위원회, 행정안전위원회","M",1964-10-13,2,332,35
"Q9H5708M",20,"김진표","金振杓","KIM JINPYO","더불어민주당","더불어민주당","경기 수원시무","constituency","국방위원회, 예산결산특별위원회, 지방재정·분권 특별위원회, 기획재정위원회, 국회 코로나19 대책 특별위원회","M",1947-05-04,4,330,20
"1MU99298",20,"김철민","金哲玟","KIM CHEOLMIN","더불어민주당","더불어민주당","경기 안산시상록구을","constituency","농림축산식품해양수산위원회, 예산결산특별위원회, 국토교통위원회","M",1957-02-15,1,2433,130
"1WE5693J",20,"김태년","金太年","KIM TAENYEON","더불어민주당","더불어민주당","경기 성남시수정구","constituency","기획재정위원회, 예산결산특별위원회, 정보위원회, 환경노동위원회","M",1965-03-20,3,469,30
"TVF3669B",20,"김태흠","金泰欽","KIM TAEHEUM","자유한국당","새누리당","충남 보령시서천군","constituency","농림축산식품해양수산위원회, 정치개혁 특별위원회","M",1963-01-11,2,698,36
"F5U2979W",20,"김학용","金學容","KIM HACKYONG","자유한국당","새누리당","경기 안성시","constituency","국방위원회, 저출산·고령화대책 특별위원회, 환경노동위원회, 정치개혁 특별위원회","M",1961-12-10,3,466,52
"09I2323E",20,"김한정","金漢正","KIM HANJUNG","더불어민주당","더불어민주당","경기 남양주시을","constituency","국회운영위원회, 농림축산식품해양수산위원회, 예산결산특별위원회, 미래일자리 특별위원회, 박근혜 정부의 최순실 등 민간인에 의한 국정농단 의혹사건 진상규명을 위한 국정조사특별위원회, 정치개혁 특별위원회, 교육문화체육관광위원회, 행정안전위원회, 남북경제협력 특별위원회","M",1963-09-06,1,453,37
"YBM9779M",20,"김한표","金漢杓","KIM HANPYO","자유한국당","새누리당","경남 거제시","constituency","예산결산특별위원회, 정무위원회, 교육문화체육관광위원회, 교육위원회, 국회운영위원회","M",1954-08-24,2,356,26
"6QU2958D",20,"김해영","金海永","KIM HAEYOUNG","더불어민주당","더불어민주당","부산 연제구","constituency","정무위원회, 헌법재판소장(이진성) 임명동의에 관한 인사청문특별위원회, 청년미래 특별위원회, 농림축산식품해양수산위원회, 교육위원회, 에너지 특별위원회","M",1977-01-02,1,2392,112
"MPV9321A",20,"김현권","金玄權","KIM HYUNKWON","더불어민주당","더불어민주당","비례대표","proportional","농림축산식품해양수산위원회, 예산결산특별위원회, 재난안전 대책 특별위원회","M",1963-04-06,1,1650,87
"9XB6464U",20,"김현미","金賢美","KIM HYUNMEE","더불어민주당","더불어민주당","경기 고양시정","constituency","기획재정위원회, 예산결산특별위원회, 미래창조과학방송통신위원회, 과학기술정보방송통신위원회, 보건복지위원회, 농림축산식품해양수산위원회","F",1962-11-29,3,466,29
"CXA6162I",20,"김현아","金炫我","KIM HYUNAH","자유한국당","새누리당","비례대표","proportional","국토교통위원회, 민생경제 특별위원회, 미세먼지 대책 특별위원회, 교육문화체육관광위원회, 여성가족위원회, 교육위원회, 남북경제협력 특별위원회, 문화체육관광위원회, 국회운영위원회, 정치개혁 특별위원회, 국무총리(정세균) 임명동의에 관한 인사청문특별위원회","F",1969-08-19,1,894,74
"SLW27496",20,"나경원","羅景垣","NA KYUNGWON","자유한국당","새누리당","서울 동작구을","constituency","교육문화체육관광위원회, 저출산·고령화대책 특별위원회, 미세먼지 대책 특별위원회, 헌법개정 특별위원회, 헌법개정 및 정치개혁 특별위원회, 기획재정위원회, 정보위원회, 국회운영위원회, 국무총리(정세균) 임명동의에 관한 인사청문특별위원회, 국회 코로나19 대책 특별위원회","F",1963-12-06,4,324,42
"04T3751T",20,"남인순","南仁順","NAM INSOON","더불어민주당","더불어민주당","서울 송파구병","constituency","보건복지위원회, 여성가족위원회, 저출산·고령화대책 특별위원회, 예산결산특별위원회","F",1958-11-05,2,1189,141
"0827740Q",20,"노웅래","盧雄來","NOH WOONGRAE","더불어민주당","더불어민주당","서울 마포구갑","constituency","교육문화체육관광위원회, 과학기술정보방송통신위원회","M",1957-08-03,3,1943,148
"GN240959",20,"노회찬","魯會燦","ROH HOECHAN","정의당","정의당","경남 창원시성산구","constituency","국회운영위원회, 법제사법위원회, 헌법개정 특별위원회, 감사원장(최재형) 임명동의에 관한 인사청문특별위원회, 사법개혁특별위원회, 정보위원회, 국토교통위원회","M",1956-08-31,3,400,57
"J2O8643H",20,"도종환","都鍾煥",NA,"더불어민주당","더불어민주당","충북 청주시흥덕구","constituency","교육문화체육관광위원회, 박근혜 정부의 최순실 등 민간인에 의한 국정농단 의혹사건 진상규명을 위한 국정조사특별위원회, 예산결산특별위원회, 안전행정위원회, 농림축산식품해양수산위원회, 국방위원회","M",1955-09-27,2,417,30
"FJK3396E",20,"맹성규","孟聖奎","MAENG SUNGKYU","더불어민주당","더불어민주당","인천 남동구갑","constituency","보건복지위원회, 헌법재판소장(유남석) 임명동의에 관한 인사청문특별위원회, 농림축산식품해양수산위원회, 국회운영위원회, 예산결산특별위원회, 교육위원회","M",1962-04-05,1,479,21
"TGL10010",20,"문미옥","文美玉","MUN MIOCK","더불어민주당","더불어민주당","비례대표","proportional","미래창조과학방송통신위원회, 여성가족위원회, 미래일자리 특별위원회","F",1968-12-20,1,603,33
"WV97281W",20,"문진국","文鎭國","MOON JINKOOK","자유한국당","새누리당","비례대표","proportional","환경노동위원회","M",1949-02-01,1,1008,51
"IYD4143Y",20,"문희상","文喜相","MOON HEESANG","더불어민주당","더불어민주당","경기 의정부시갑","constituency","외교통일위원회","M",1945-03-03,6,472,24
"Y3E8697I",20,"민경욱","閔庚旭","MIN KYUNGWOOK","자유한국당","새누리당","인천 연수구을","constituency","국회운영위원회, 미래창조과학방송통신위원회, 예산결산특별위원회, 과학기술정보방송통신위원회, 국토교통위원회, 헌법재판소 재판관 선출에 관한 인사청문특별위원회, 법제사법위원회","M",1963-06-17,1,741,102
"39P2522W",20,"민병두","閔丙두","MIN BYUNGDOO","더불어민주당","더불어민주당","서울 동대문구을","constituency","정무위원회, 평창동계올림픽 및 국제경기대회지원 특별위원회","M",1958-06-10,3,961,81
"O6D8329R",20,"민홍철","閔洪喆","MIN HONGCHUL","더불어민주당","더불어민주당","경남 김해시갑","constituency","국토교통위원회, 평창동계올림픽 및 국제경기대회지원 특별위원회, 예산결산특별위원회, 국방위원회, 대법관(김선수·노정희·이동원) 임명동의에 관한 인사청문특별위원회, 남북경제협력 특별위원회","M",1961-04-18,2,1179,98
"JMD3241I",20,"박경미","朴炅美","PARK KYUNGMEE","더불어민주당","더불어민주당","비례대표","proportional","교육문화체육관광위원회, 여성가족위원회, 미래일자리 특별위원회, 4차 산업혁명 특별위원회, 국회운영위원회, 교육위원회, 외교통일위원회, 과학기술정보방송통신위원회, 보건복지위원회, 국무총리(정세균) 임명동의에 관한 인사청문특별위원회","F",1965-10-15,1,775,101
"K3W33496",20,"박광온","朴洸瑥","PARK KWANGON","더불어민주당","더불어민주당","경기 수원시정","constituency","기획재정위원회, 저출산·고령화대책 특별위원회, 예산결산특별위원회, 과학기술정보방송통신위원회, 교육위원회, 국무총리(정세균) 임명동의에 관한 인사청문특별위원회","M",1957-03-26,2,1701,389
"24E9427D",20,"박남춘","朴南春","PARK NAMCHOON","더불어민주당","더불어민주당","인천 남동구갑","constituency","안전행정위원회, 행정안전위원회","M",1958-07-02,2,1272,70
"W4X85128",20,"박대출","朴大出","PARK DAECHUL","자유한국당","새누리당","경남 진주시갑","constituency","미래창조과학방송통신위원회, 과학기술정보방송통신위원회, 예산결산특별위원회, 국회 코로나19 대책 특별위원회","M",1961-03-18,2,399,56
"N4R2421C",20,"박덕흠","朴德欽","PARK DUKHYUM","자유한국당","새누리당","충북 보은군옥천군영동군괴산군","constituency","국토교통위원회, 정치발전 특별위원회, 정치개혁 특별위원회, 재난안전 대책 특별위원회, 감사원장(최재형) 임명동의에 관한 인사청문특별위원회, 예산결산특별위원회","M",1953-10-18,2,1837,63
"EUR98126",20,"박맹우","朴孟雨","PARK MAENGWOO","자유한국당","새누리당","울산 남구을","constituency","국토교통위원회, 4차 산업혁명 특별위원회, 산업통상자원중소벤처기업위원회, 에너지 특별위원회, 국방위원회","M",1951-12-06,2,725,57
"OTE19384",20,"박명재","朴明在","PARK MYUNGJAE","자유한국당","새누리당","경북 포항시남구울릉군","constituency","기획재정위원회, 예산결산특별위원회, 국무총리(이낙연) 임명동의에 관한 인사청문특별위원회, 재난안전 대책 특별위원회, 윤리특별위원회","M",1947-07-05,2,1427,114
"7R156073",20,"박범계","朴範界","PARK BEOMKYE","더불어민주당","더불어민주당","대전 서구을","constituency","법제사법위원회, 정치발전 특별위원회, 대법관(김재형) 임명동의에 관한 인사청문특별위원회, 박근혜 정부의 최순실 등 민간인에 의한 국정농단 의혹사건 진상규명을 위한 국정조사특별위원회, 예산결산특별위원회, 사법개혁특별위원회, 행정안전위원회, 산업통상자원중소벤처기업위원회, 4차 산업혁명 특별위원회, 사법개혁 특별위원회, 대법관(김상환) 임명동의에 관한 인사청문특별위원회, 국회운영위원회, 대법관(노태악) 임명동의에 관한 인사청문특별위원회","M",1963-04-27,2,284,44
"BLC8630L",20,"박병석","朴炳錫","PARK BYEONGSEUG","더불어민주당","더불어민주당","대전 서구갑","constituency","외교통일위원회, 저출산·고령화대책 특별위원회, 헌법개정 특별위원회, 헌법개정 및 정치개혁 특별위원회, 정치개혁 특별위원회, 기획재정위원회, 국무총리(정세균) 임명동의에 관한 인사청문특별위원회","M",1952-01-25,5,109,28
"MC32279F",20,"박선숙","朴仙淑","PARK SUNSOOK","바른미래당","국민의당","비례대표","proportional","정무위원회, 과학기술정보방송통신위원회","F",1960-12-01,2,782,69
"DAN6731C",20,"박성중","朴成重","PARK SUNGJOONG","자유한국당","새누리당","서울 서초구을","constituency","안전행정위원회, 예산결산특별위원회, 저출산·고령화대책 특별위원회, 국회운영위원회, 행정안전위원회, 과학기술정보방송통신위원회, 공공부문 채용비리 의혹과 관련된 국정조사특별위원회","M",1958-08-01,1,732,50
"YLM92014",20,"박순자","朴順子","PARK SOONJA","자유한국당","새누리당","경기 안산시단원구을","constituency","안전행정위원회, 예산결산특별위원회, 헌법개정 특별위원회, 행정안전위원회, 청년미래 특별위원회, 국토교통위원회, 남북경제협력 특별위원회","F",1958-10-12,3,404,29
"S8431719",20,"박영선","朴映宣","PARK YOUNGSUN","더불어민주당","더불어민주당","서울 구로구을","constituency","기획재정위원회, 박근혜 정부의 최순실 등 민간인에 의한 국정농단 의혹사건 진상규명을 위한 국정조사특별위원회, 정치개혁 특별위원회, 사법개혁 특별위원회, 예산결산특별위원회, 국토교통위원회","F",1960-01-22,4,356,31
"D0C85236",20,"박완수","朴完洙","PARK WANSU","자유한국당","새누리당","경남 창원시의창구","constituency","국토교통위원회, 민생경제 특별위원회, 행정안전위원회, 예산결산특별위원회","M",1955-08-26,1,498,67
"A3H7195R",20,"박완주","朴完柱","PARK WAN JOO","더불어민주당","더불어민주당","충남 천안시을","constituency","국회상임위원회 위원정수에 관한 규칙 개정 특별위원회, 국회운영위원회, 농림축산식품해양수산위원회, 평창동계올림픽 및 국제경기대회지원 특별위원회, 정치개혁 특별위원회, 헌법개정 및 정치개혁 특별위원회, 예산결산특별위원회, 대법관(김상환) 임명동의에 관한 인사청문특별위원회","M",1966-11-10,2,417,95
"PEP6922S",20,"박용진","朴用鎭","PARK YONGJIN","더불어민주당","더불어민주당","서울 강북구을","constituency","정무위원회, 정치발전 특별위원회, 국회운영위원회, 정치개혁 특별위원회, 교육문화체육관광위원회, 예산결산특별위원회, 교육위원회, 4차 산업혁명 특별위원회","M",1971-04-17,1,699,94
"IQ54138I",20,"박인숙","朴仁淑","PARK INSOOK","자유한국당","새누리당","서울 송파구갑","constituency","보건복지위원회, 여성가족위원회, 가습기살균제 사고 진상규명과 피해구제 및 재발방지 대책마련을 위한 국정조사특별위원회, 미세먼지 대책 특별위원회, 교육문화체육관광위원회, 문화체육관광위원회, 국회 코로나19 대책 특별위원회","F",1948-11-10,2,904,147
"QUO78839",20,"박재호","朴在昊","PARK JAEHO","더불어민주당","더불어민주당","부산 남구을","constituency","산업통상자원위원회, 윤리특별위원회, 정치발전 특별위원회, 예산결산특별위원회, 산업통상자원중소벤처기업위원회, 국토교통위원회","M",1959-02-13,1,1599,64
"4019850M",20,"박정","朴釘","PARK JEUNG","더불어민주당","더불어민주당","경기 파주시을","constituency","산업통상자원위원회, 미래일자리 특별위원회, 산업통상자원중소벤처기업위원회, 청년미래 특별위원회, 윤리특별위원회, 외교통일위원회, 국회 코로나19 대책 특별위원회","M",1962-11-19,1,2812,228
"6AU2417B",20,"박주민","朴柱民","PARK JUMIN","더불어민주당","더불어민주당","서울 은평구갑","constituency","안전행정위원회, 여성가족위원회, 법제사법위원회, 환경노동위원회, 헌법재판소장(김이수) 임명동의에 관한 인사청문특별위원회, 정치개혁 특별위원회, 헌법재판소장(이진성) 임명동의에 관한 인사청문특별위원회, 헌법개정 및 정치개혁 특별위원회, 예산결산특별위원회, 사법개혁 특별위원회, 대법관(김상환) 임명동의에 관한 인사청문특별위원회, 국회운영위원회","M",1973-11-21,1,1259,132
"XT18076X",20,"박주선","朴柱宣","PARK JOOSUN","국민의당","국민의당","광주 동구남구을","constituency","외교통일위원회, 정보위원회","M",1949-07-23,4,570,19
"UDB4825U",20,"박주현","朴珠賢","PARK JOOHYUN","바른미래당","국민의당","비례대표","proportional","기획재정위원회, 정치개혁 특별위원회, 농림축산식품해양수산위원회, 예산결산특별위원회","F",1963-04-11,1,958,76
"8EL9225R",20,"박준영","朴晙瑩","PARK JOONYUNG","국민의당","국민의당","전남 영암군무안군신안군","constituency","기획재정위원회","M",1946-10-21,1,500,19
"8BF5855P",20,"박지원","朴智元","PARK JIEWON","민주평화당","국민의당","전남 목포시","constituency","국회운영위원회, 법제사법위원회, 정보위원회, 대법관(김선수·노정희·이동원) 임명동의에 관한 인사청문특별위원회, 사법개혁 특별위원회, 대법관(노태악) 임명동의에 관한 인사청문특별위원회","M",1942-06-05,4,673,16
"BT62420K",20,"박찬대","朴贊大","PARK CHANDAE","더불어민주당","더불어민주당","인천 연수구갑","constituency","정무위원회, 저출산·고령화대책 특별위원회, 교육문화체육관광위원회, 청년미래 특별위원회, 대법관(민유숙·안철상) 임명동의에 관한 인사청문특별위원회, 예산결산특별위원회, 교육위원회, 국회운영위원회, 과학기술정보방송통신위원회","M",1967-05-10,1,1484,84
"8T51904N",20,"박찬우","朴贊佑","PARK CHANWOO","새누리당","새누리당","충남 천안시갑","constituency","국토교통위원회, 남북관계개선 특별위원회, 국회운영위원회, 예산결산특별위원회, 정치개혁 특별위원회","M",1959-04-15,1,319,31
"S824682L",20,"박홍근","朴洪根","PARK HONGKEUN","더불어민주당","더불어민주당","서울 중랑구을","constituency","미래창조과학방송통신위원회, 예산결산특별위원회, 국회운영위원회, 과학기술정보방송통신위원회, 헌법개정 및 정치개혁 특별위원회, 국토교통위원회, 국회 코로나19 대책 특별위원회","M",1969-10-08,2,1607,158
"9CR4440H",20,"배덕광","裵德光","BAE DUKKWANG","새누리당","새누리당","부산 해운대구을","constituency","미래창조과학방송통신위원회, 정치발전 특별위원회, 환경노동위원회, 지방재정·분권 특별위원회, 보건복지위원회","M",1948-06-22,2,219,20
"O0G3169T",20,"백승주","白承周","BAEK SEUNGJOO","자유한국당","새누리당","경북 구미시갑","constituency","국방위원회, 미래일자리 특별위원회, 박근혜정부국정농단의혹진상규명국정조사특위, 헌법재판소장(김이수) 임명동의에 관한 인사청문특별위원회, 예산결산특별위원회, 4차 산업혁명 특별위원회, 대법관(민유숙·안철상) 임명동의에 관한 인사청문특별위원회, 국회 코로나19 대책 특별위원회, 국회운영위원회","M",1961-03-20,1,360,56
"8DK7238W",20,"백재현","白在鉉","BAEK JAEHYUN","더불어민주당","더불어민주당","경기 광명시갑","constituency","안전행정위원회, 윤리특별위원회, 남북관계개선 특별위원회, 헌법개정 특별위원회, 예산결산특별위원회, 행정안전위원회, 산업통상자원중소벤처기업위원회","M",1951-07-04,3,770,80
"HSS7466Y",20,"백혜련","白惠蓮","BACK HYERYUN","더불어민주당","더불어민주당","경기 수원시을","constituency","국회운영위원회, 법제사법위원회, 대법관(김재형) 임명동의에 관한 인사청문특별위원회, 대법원장(김명수) 임명동의에 관한 인사청문특별위원회, 윤리특별위원회, 감사원장(최재형) 임명동의에 관한 인사청문특별위원회, 사법개혁특별위원회, 예산결산특별위원회, 사법개혁 특별위원회","F",1967-02-17,1,1615,160
"MO52543L",20,"변재일","卞在一","BYUN JAEILL","더불어민주당","더불어민주당","충북 청주시청원구","constituency","미래창조과학방송통신위원회, 헌법개정 특별위원회, 과학기술정보방송통신위원회, 재난안전 대책 특별위원회, 에너지 특별위원회","M",1948-09-02,4,658,80
"FOK3459D",20,"서삼석","徐參錫","SEO SAMSEOK","더불어민주당","더불어민주당","전남 영암군무안군신안군","constituency","농림축산식품해양수산위원회, 예산결산특별위원회, 국회운영위원회","M",1959-08-03,1,516,49
"TKJ4800F",20,"서영교","徐瑛敎","SEO YOUNGKYO","더불어민주당","더불어민주당","서울 중랑구갑","constituency","법제사법위원회, 예산결산특별위원회, 국방위원회, 재난안전 대책 특별위원회, 대법관(민유숙·안철상) 임명동의에 관한 인사청문특별위원회, 교육문화체육관광위원회, 교육위원회, 국회운영위원회, 윤리특별위원회","F",1964-11-11,2,1834,151
"4Y54669I",20,"서청원","徐淸源","SUH CHUNGWON","무소속","새누리당","경기 화성시갑","constituency","외교통일위원회, 정보위원회, 국방위원회","M",1943-04-03,8,272,6
"6N28669V",20,"서형수","徐炯洙","SEO HYUNGSOO","더불어민주당","더불어민주당","경남 양산시을","constituency","예산결산특별위원회, 환경노동위원회, 미래일자리 특별위원회, 4차 산업혁명 특별위원회, 기획재정위원회, 국토교통위원회","M",1957-04-05,1,1120,68
"OW53107J",20,"설훈","薛勳","SUL HOON","더불어민주당","더불어민주당","경기 부천시원미구을","constituency","외교통일위원회, 남북관계개선 특별위원회, 교육문화체육관광위원회, 농림축산식품해양수산위원회, 환경노동위원회, 남북경제협력 특별위원회","M",1953-04-23,4,1099,154
"7XY7109I",20,"성일종","成一鍾","SUNG ILJONG","자유한국당","새누리당","충남 서산시태안군","constituency","국회운영위원회, 보건복지위원회, 예산결산특별위원회, 헌법개정 특별위원회, 정무위원회, 윤리특별위원회, 산업통상자원중소벤처기업위원회, 국무총리(정세균) 임명동의에 관한 인사청문특별위원회","M",1963-03-19,1,1255,51
"ZDR63255",20,"소병훈","蘇秉勳","SO BYUNGHOON","더불어민주당","더불어민주당","경기 광주시갑","constituency","안전행정위원회, 예산결산특별위원회, 행정안전위원회, 교육문화체육관광위원회, 문화체육관광위원회, 헌법재판소 재판관 선출에 관한 인사청문특별위원회, 공공부문 채용비리 의혹과 관련된 국정조사특별위원회, 사법개혁 특별위원회","M",1954-06-03,1,1835,100
"A8O42480",20,"손금주","孫今柱","SON KUMJU","무소속","국민의당","전남 나주시화순군","constituency","산업통상자원위원회, 예산결산특별위원회, 대법관(박정화·조재연) 임명동의에 관한 인사청문특별위원회, 산업통상자원중소벤처기업위원회, 대법원장(김명수) 임명동의에 관한 인사청문특별위원회, 농림축산식품해양수산위원회, 국회운영위원회, 과학기술정보방송통신위원회","M",1971-07-29,1,702,85
"ZBX31520",20,"손혜원","孫惠園","SOHN HYEWON","더불어민주당","더불어민주당","서울 마포구을","constituency","교육문화체육관광위원회, 박근혜 정부의 최순실 등 민간인에 의한 국정농단 의혹사건 진상규명을 위한 국정조사특별위원회, 문화체육관광위원회, 보건복지위원회, 농림축산식품해양수산위원회","F",1955-01-23,1,767,38
"RD42006Y",20,"송갑석","宋甲錫","SONG GABSEOK","더불어민주당","더불어민주당","광주 서구갑","constituency","산업통상자원중소벤처기업위원회, 예산결산특별위원회, 윤리특별위원회, 대법관(노태악) 임명동의에 관한 인사청문특별위원회","M",1966-10-10,1,996,59
"7BV5480O",20,"송기석","宋基錫","SONG KISEOK","국민의당","국민의당","광주 서구갑","constituency","교육문화체육관광위원회, 가습기살균제 사고 진상규명과 피해구제 및 재발방지 대책마련을 위한 국정조사특별위원회, 헌법개정 특별위원회, 헌법재판소장(이진성) 임명동의에 관한 인사청문특별위원회, 미세먼지 대책 특별위원회, 대법관(민유숙·안철상) 임명동의에 관한 인사청문특별위원회, 사법개혁특별위원회","M",1963-10-28,1,445,34
"SQ36001H",20,"송기헌","宋基憲","SONG KIHUN","더불어민주당","더불어민주당","강원 원주시을","constituency","국회운영위원회, 산업통상자원위원회, 평창동계올림픽 및 국제경기대회지원 특별위원회, 예산결산특별위원회, 대법관(박정화·조재연) 임명동의에 관한 인사청문특별위원회, 산업통상자원중소벤처기업위원회, 행정안전위원회, 대법관(민유숙·안철상) 임명동의에 관한 인사청문특별위원회, 법제사법위원회, 여성가족위원회, 사법개혁 특별위원회","M",1963-10-02,1,819,67
"CNW5754J",20,"송석준","宋錫俊","SONG SEOGJUN","자유한국당","새누리당","경기 이천시","constituency","보건복지위원회, 예산결산특별위원회, 국회운영위원회, 대법관(박정화·조재연) 임명동의에 관한 인사청문특별위원회, 재난안전 대책 특별위원회, 감사원장(최재형) 임명동의에 관한 인사청문특별위원회, 국토교통위원회, 헌법재판소 재판관 선출에 관한 인사청문특별위원회, 남북경제협력 특별위원회, 대법관(김상환) 임명동의에 관한 인사청문특별위원회","M",1964-03-10,1,466,45
"6EN68926",20,"송언석","宋彦錫","SONG EONSEOG","자유한국당","자유한국당","경북 김천시","constituency","행정안전위원회, 예산결산특별위원회, 국회운영위원회, 국토교통위원회, 문화체육관광위원회","M",1963-05-16,1,350,29
"PAO22428",20,"송영길","宋永吉","SONG YOUNGGIL","더불어민주당","더불어민주당","인천 계양구을","constituency","기획재정위원회, 외교통일위원회","M",1963-03-21,4,504,35
"3249208I",20,"송옥주","宋玉珠","SONG OKJOO","더불어민주당","더불어민주당","비례대표","proportional","윤리특별위원회, 환경노동위원회, 정치발전 특별위원회, 교육문화체육관광위원회, 국회운영위원회, 미세먼지 대책 특별위원회, 여성가족위원회, 예산결산특별위원회, 과학기술정보방송통신위원회","F",1965-12-20,1,1764,166
"1PZ8289D",20,"송희경","宋喜卿","SONG HEEKGYOUNG","자유한국당","새누리당","비례대표","proportional","미래창조과학방송통신위원회, 여성가족위원회, 미래일자리 특별위원회, 과학기술정보방송통신위원회, 헌법재판소장(이진성) 임명동의에 관한 인사청문특별위원회, 4차 산업혁명 특별위원회, 국회운영위원회, 예산결산특별위원회, 대법관(김선수·노정희·이동원) 임명동의에 관한 인사청문특별위원회, 대법관(김상환) 임명동의에 관한 인사청문특별위원회","F",1964-07-24,1,985,74
"BN49469V",20,"신경민","辛京珉","SHIN KYOUNGMIN","더불어민주당","더불어민주당","서울 영등포구을","constituency","미래창조과학방송통신위원회, 정보위원회, 과학기술정보방송통신위원회, 교육문화체육관광위원회, 교육위원회, 여성가족위원회, 문화체육관광위원회","M",1953-08-19,2,1319,86
"G1570880",20,"신동근","申東根",NA,"더불어민주당","더불어민주당","인천 서구을","constituency","교육문화체육관광위원회, 예산결산특별위원회, 국회운영위원회, 보건복지위원회, 헌법재판소장(유남석) 임명동의에 관한 인사청문특별위원회, 대법관(김상환) 임명동의에 관한 인사청문특별위원회, 문화체육관광위원회, 국무총리(정세균) 임명동의에 관한 인사청문특별위원회","M",1961-12-22,1,675,82
"HE838063",20,"신보라","申普羅","SHIN BORA","자유한국당","새누리당","비례대표","proportional","여성가족위원회, 환경노동위원회, 민생경제 특별위원회, 대법관(김재형) 임명동의에 관한 인사청문특별위원회, 헌법재판소장(이진성) 임명동의에 관한 인사청문특별위원회, 청년미래 특별위원회, 대법관(민유숙·안철상) 임명동의에 관한 인사청문특별위원회, 국회운영위원회, 윤리특별위원회, 대법관(김상환) 임명동의에 관한 인사청문특별위원회","F",1983-01-07,1,668,84
"71M8132V",20,"신상진","申相珍","SHIN SANGJIN","자유한국당","새누리당","경기 성남시중원구","constituency","미래창조과학방송통신위원회, 과학기술정보방송통신위원회, 4차 산업혁명 특별위원회, 보건복지위원회, 정보위원회, 국회 코로나19 대책 특별위원회","M",1956-06-28,4,508,81
"MTK2954E",20,"신용현","申容賢","SHIN YONGHYEON","국민의당","국민의당","비례대표","proportional","미래창조과학방송통신위원회, 여성가족위원회, 과학기술정보방송통신위원회, 4차 산업혁명 특별위원회, 예산결산특별위원회","F",1961-03-09,1,1169,89
"WYC63862",20,"신창현","申昌賢","SHIN CHANGHYUN","더불어민주당","더불어민주당","경기 의왕시과천시","constituency","환경노동위원회, 가습기살균제 사고 진상규명과 피해구제 및 재발방지 대책마련을 위한 국정조사특별위원회, 지방재정·분권 특별위원회, 미세먼지 대책 특별위원회, 국토교통위원회, 에너지 특별위원회","M",1953-06-27,1,3530,152
"9414335X",20,"심기준","沈基俊","SHIM KIJOON","더불어민주당","더불어민주당","비례대표","proportional","기획재정위원회, 평창동계올림픽 및 국제경기대회지원 특별위원회, 윤리특별위원회, 예산결산특별위원회, 과학기술정보방송통신위원회","M",1961-10-19,1,685,35
"SU53086M",20,"심상정","沈相정","SIM SANGJEUNG","정의당","정의당","경기 고양시갑","constituency","정무위원회, 민생경제 특별위원회, 정치개혁 특별위원회, 헌법개정 및 정치개혁 특별위원회, 기획재정위원회, 헌법재판소장(유남석) 임명동의에 관한 인사청문특별위원회","F",1959-02-20,3,649,45
"VXQ28579",20,"심재권","沈載權","SHIM JAEKWON","더불어민주당","더불어민주당","서울 강동구을","constituency","외교통일위원회, 예산결산특별위원회","M",1946-08-15,3,729,65
"FGX4881A",20,"심재철","沈在哲","SHIM JAECHEOL","자유한국당","새누리당","경기 안양시동안구을","constituency","기획재정위원회, 정보위원회, 국회운영위원회","M",1958-01-18,5,323,77
"TST4507I",20,"안규백","安圭伯","AHN GYUBACK","더불어민주당","더불어민주당","서울 동대문구갑","constituency","국토교통위원회, 국방위원회","M",1961-04-29,3,1462,76
"ZA54991S",20,"안민석","安敏錫","AN MINSUK","더불어민주당","더불어민주당","경기 오산시","constituency","교육문화체육관광위원회, 박근혜 정부의 최순실 등 민간인에 의한 국정농단 의혹사건 진상규명을 위한 국정조사특별위원회, 문화체육관광위원회","M",1966-08-13,4,975,72
"A486635H",20,"안상수","安相洙","AHN SANGSOO","자유한국당","무소속","인천 중구동구강화군옹진군","constituency","농림축산식품해양수산위원회, 헌법개정 특별위원회, 헌법개정 및 정치개혁 특별위원회, 예산결산특별위원회, 행정안전위원회","M",1946-05-28,3,576,29
"YOG1280B",20,"안철수","安哲秀","AHN CHEOLSOO","국민의당","국민의당","서울 노원구병","constituency","교육문화체육관광위원회, 미래일자리 특별위원회","M",1962-01-22,2,45,9
"XEF29171",20,"안호영","安浩永","AN HOYOUNG","더불어민주당","더불어민주당","전북 완주군진안군무주군장수군","constituency","국토교통위원회, 국회운영위원회, 예산결산특별위원회, 대법관(박정화·조재연) 임명동의에 관한 인사청문특별위원회, 재난안전 대책 특별위원회, 헌법재판소장(유남석) 임명동의에 관한 인사청문특별위원회, 사법개혁 특별위원회","M",1965-10-11,1,1377,64
"TIS61927",20,"양승조","梁承晁","YANG SEUNGJO","더불어민주당","더불어민주당","충남 천안시병","constituency","보건복지위원회","M",1959-03-21,4,683,97
"8FB1535Y",20,"어기구","魚基龜","EOH KIYKU","더불어민주당","더불어민주당","충남 당진시","constituency","산업통상자원위원회, 민생경제 특별위원회, 대법관(김재형) 임명동의에 관한 인사청문특별위원회, 예산결산특별위원회, 산업통상자원중소벤처기업위원회, 국회운영위원회","M",1963-01-10,1,1002,60
"B6F5266B",20,"엄용수","嚴龍洙","UM YONGSOO","자유한국당","새누리당","경남 밀양시의령군함안군창녕군","constituency","기획재정위원회, 지방재정·분권 특별위원회, 국회운영위원회, 박근혜정부국정농단의혹진상규명국정조사특위, 예산결산특별위원회","M",1965-01-20,1,640,52
"QKY38290",20,"여상규","余尙奎","YEO SANGKYOO","자유한국당","새누리당","경남 사천시남해군하동군","constituency","법제사법위원회, 정치발전 특별위원회, 사법개혁특별위원회","M",1948-09-15,3,346,7
"B751170H",20,"여영국","余永國","Yeo young kug","정의당","정의당","경남 창원시성산구","constituency","교육위원회, 예산결산특별위원회, 여성가족위원회","M",1964-12-26,1,84,11
"SSF6805Q",20,"염동열","廉東烈","YEOM DONGYEOL","자유한국당","새누리당","강원 태백시횡성군영월군평창군정선군","constituency","교육문화체육관광위원회, 평창동계올림픽 및 국제경기대회지원 특별위원회, 청년미래 특별위원회, 사법개혁특별위원회, 문화체육관광위원회, 예산결산특별위원회","M",1961-02-28,2,500,42
"M6K7940A",20,"오세정","吳世正","OH SEJUNG","국민의당","국민의당","비례대표","proportional","미래창조과학방송통신위원회, 윤리특별위원회, 미래일자리 특별위원회, 가습기살균제 사고 진상규명과 피해구제 및 재발방지 대책마련을 위한 국정조사특별위원회, 과학기술정보방송통신위원회, 재난안전 대책 특별위원회, 예산결산특별위원회, 교육문화체육관광위원회, 교육위원회","M",1953-02-17,1,506,30
"H337332S",20,"오신환","吳晨煥","OH SHINHWAN","바른미래당","새누리당","서울 관악구을","constituency","국회운영위원회, 법제사법위원회, 헌법재판소장(김이수) 임명동의에 관한 인사청문특별위원회, 대법관(박정화·조재연) 임명동의에 관한 인사청문특별위원회, 사법개혁특별위원회, 예산결산특별위원회, 대법관(김선수·노정희·이동원) 임명동의에 관한 인사청문특별위원회, 사법개혁 특별위원회, 정보위원회","M",1971-02-07,2,368,39
"21N57758",20,"오영훈","吳怜勳","OH YOUNGHUN","더불어민주당","더불어민주당","제주 제주시을","constituency","교육문화체육관광위원회, 민생경제 특별위원회, 국회운영위원회, 농림축산식품해양수산위원회, 예산결산특별위원회","M",1968-12-14,1,859,81
"SVH30067",20,"오제세","吳濟世","OH JAESAE","더불어민주당","더불어민주당","충북 청주시서원구","constituency","보건복지위원회, 예산결산특별위원회","M",1949-04-05,4,767,126
"V0O5343U",20,"우상호","禹相虎","WOO SANGHO","더불어민주당","더불어민주당","서울 서대문구갑","constituency","국방위원회, 국회운영위원회, 정보위원회, 감사원장(최재형) 임명동의에 관한 인사청문특별위원회, 교육문화체육관광위원회, 문화체육관광위원회","M",1962-12-12,3,149,37
"XBT9550Q",20,"우원식","禹元植","WOO WONSHIK","더불어민주당","더불어민주당","서울 노원구을","constituency","산업통상자원위원회, 가습기살균제 사고 진상규명과 피해구제 및 재발방지 대책마련을 위한 국정조사특별위원회, 정보위원회, 국회운영위원회, 산업통상자원중소벤처기업위원회, 남북경제협력 특별위원회","M",1957-09-18,3,977,67
"TZD17894",20,"원유철","元裕哲","WON YOOCHUL","자유한국당","새누리당","경기 평택시갑","constituency","외교통일위원회, 정보위원회, 국회운영위원회","M",1962-09-26,5,844,49
"6DG91769",20,"원혜영","元惠榮","WON HYEYOUNG","더불어민주당","더불어민주당","경기 부천시오정구","constituency","외교통일위원회, 윤리특별위원회, 정치발전 특별위원회, 헌법개정 특별위원회, 정치개혁 특별위원회, 국무총리(정세균) 임명동의에 관한 인사청문특별위원회","M",1951-09-27,5,942,56
"RQQ3807K",20,"위성곤","魏聖坤","WI SEONGGON","더불어민주당","더불어민주당","제주 서귀포시","constituency","농림축산식품해양수산위원회, 예산결산특별위원회, 지방재정·분권 특별위원회, 국회운영위원회, 청년미래 특별위원회, 산업통상자원중소벤처기업위원회, 윤리특별위원회","M",1968-01-20,1,1557,96
"CAL85655",20,"유기준","兪奇濬","YOO KIJUNE","자유한국당","새누리당","부산 서구동구","constituency","산업통상자원위원회, 외교통일위원회, 헌법재판소장(김이수) 임명동의에 관한 인사청문특별위원회, 사법개혁 특별위원회","M",1959-08-10,4,495,19
"GX38539O",20,"유동수","柳東秀","YOO DONGSOO","더불어민주당","더불어민주당","인천 계양구갑","constituency","산업통상자원위원회, 예산결산특별위원회, 국회운영위원회, 산업통상자원중소벤처기업위원회, 미세먼지 대책 특별위원회, 정무위원회","M",1961-09-18,1,1450,78
"I5V5327I",20,"유민봉","庾敏鳳","YOU MINBONG","자유한국당","새누리당","비례대표","proportional","안전행정위원회, 지방재정·분권 특별위원회, 행정안전위원회, 4차 산업혁명 특별위원회, 헌법개정 및 정치개혁 특별위원회, 여성가족위원회, 공공부문 채용비리 의혹과 관련된 국정조사특별위원회, 외교통일위원회","M",1958-01-09,1,529,27
"I7Z3068X",20,"유성엽","柳成葉","YOU SUNGYOP","민주평화당","국민의당","전북 정읍시고창군","constituency","교육문화체육관광위원회, 정치개혁 특별위원회, 기획재정위원회, 대법관(김상환) 임명동의에 관한 인사청문특별위원회, 국회운영위원회, 정보위원회","M",1960-01-25,3,1139,45
"PWU27609",20,"유승민","劉承旼","YOO SEONGMIN","바른미래당","무소속","대구 동구을","constituency","기획재정위원회","M",1958-01-07,4,373,16
"9BE5694R",20,"유승희","兪承希","YOU SEUNGHEE","더불어민주당","더불어민주당","서울 성북구갑","constituency","미래창조과학방송통신위원회, 정치발전 특별위원회, 예산결산특별위원회, 과학기술정보방송통신위원회, 윤리특별위원회, 기획재정위원회","F",1960-04-26,3,1159,131
"5CO4531H",20,"유은혜","兪銀惠","YOO EUNHAE","더불어민주당","더불어민주당","경기 고양시병","constituency","교육문화체육관광위원회, 여성가족위원회, 평창동계올림픽 및 국제경기대회지원 특별위원회, 문화체육관광위원회, 과학기술정보방송통신위원회, 환경노동위원회, 정무위원회, 기획재정위원회","F",1962-10-02,2,976,47
"MRK4871S",20,"유의동","兪義東","YU EUIDONG","바른미래당","새누리당","경기 평택시을","constituency","정무위원회, 헌법개정 특별위원회, 헌법재판소장(이진성) 임명동의에 관한 인사청문특별위원회, 국회운영위원회, 기획재정위원회, 예산결산특별위원회","M",1971-06-23,2,380,37
"SEK1881Q",20,"유재중","柳在仲","YOO JAEJUNG","자유한국당","새누리당","부산 수영구","constituency","안전행정위원회, 행정안전위원회, 보건복지위원회","M",1956-03-27,3,378,25
"JMY9959W",20,"윤관석","尹官石","YOUN KWANSUK","더불어민주당","더불어민주당","인천 남동구을","constituency","국토교통위원회, 민생경제 특별위원회, 정치개혁 특별위원회, 헌법개정 및 정치개혁 특별위원회, 공공부문 채용비리 의혹과 관련된 국정조사특별위원회","M",1960-08-17,2,2378,74
"LDY9563L",20,"윤상직","尹相直","YOON SANGJICK","자유한국당","새누리당","부산 기장군","constituency","법제사법위원회, 예산결산특별위원회, 민생경제 특별위원회, 대법관(김재형) 임명동의에 관한 인사청문특별위원회, 헌법재판소장(이진성) 임명동의에 관한 인사청문특별위원회, 감사원장(최재형) 임명동의에 관한 인사청문특별위원회, 사법개혁특별위원회, 과학기술정보방송통신위원회, 사법개혁 특별위원회","M",1956-05-25,1,429,46
"MSY7784L",20,"윤상현","尹相現","YOON SANGHYUN","자유한국당","무소속","인천 남구을","constituency","외교통일위원회, 정보위원회","M",1962-12-01,3,280,28
"8X46899U",20,"윤소하","尹昭夏","YOUN SOHA","정의당","정의당","비례대표","proportional","보건복지위원회, 정치발전 특별위원회, 박근혜 정부의 최순실 등 민간인에 의한 국정농단 의혹사건 진상규명을 위한 국정조사특별위원회, 예산결산특별위원회, 국회운영위원회, 여성가족위원회, 국무총리(정세균) 임명동의에 관한 인사청문특별위원회","M",1961-09-10,1,1213,130
"9VR65006",20,"윤영석","尹永碩","YOON YOUNGSEOK","자유한국당","새누리당","경남 양산시갑","constituency","외교통일위원회, 미래일자리 특별위원회, 대법관(민유숙·안철상) 임명동의에 관한 인사청문특별위원회, 기획재정위원회, 예산결산특별위원회","M",1964-10-07,2,720,68
"U9G5099O",20,"윤영일","尹英壹","YOON YOUNGIL","국민의당","국민의당","전남 해남군완도군진도군","constituency","국토교통위원회, 예산결산특별위원회","M",1957-11-04,1,1610,72
"5DR6334X",20,"윤일규","尹一逵","YUN IL GYU","더불어민주당","더불어민주당","충남 천안시병","constituency","보건복지위원회, 사법개혁 특별위원회, 4차 산업혁명 특별위원회","M",1950-04-14,1,593,64
"ZRF3039U",20,"윤재옥","尹在玉","YUN JAEOK","자유한국당","새누리당","대구 달서구을","constituency","안전행정위원회, 헌법개정 특별위원회, 행정안전위원회, 국회운영위원회, 윤리특별위원회, 예산결산특별위원회","M",1961-09-10,2,452,51
"3TP65086",20,"윤종오","尹鍾五","YOON JONGO","무소속","무소속","울산 북구","constituency","미래창조과학방송통신위원회, 미래일자리 특별위원회, 과학기술정보방송통신위원회","M",1963-08-14,1,336,11
"Q6G2914I",20,"윤종필","尹鍾畢","YOON JONGPIL","자유한국당","새누리당","비례대표","proportional","보건복지위원회, 여성가족위원회, 저출산·고령화대책 특별위원회, 정무위원회","F",1953-10-20,1,923,41
"7W35098M",20,"윤준호","尹俊晧","YUN JUNE HO","더불어민주당","더불어민주당","부산 해운대구을","constituency","국회운영위원회, 농림축산식품해양수산위원회, 예산결산특별위원회, 윤리특별위원회","M",1967-06-07,1,1002,64
"8X15119P",20,"윤한홍","尹漢洪","YOON HANHONG","자유한국당","새누리당","경남 창원시마산회원구","constituency","산업통상자원위원회, 지방재정·분권 특별위원회, 산업통상자원중소벤처기업위원회, 헌법재판소장(유남석) 임명동의에 관한 인사청문특별위원회, 사법개혁 특별위원회","M",1962-11-01,1,527,43
"M0A1658U",20,"윤호중","尹昊重","YUN HOJUNG","더불어민주당","더불어민주당","경기 구리시","constituency","기획재정위원회, 예산결산특별위원회, 환경노동위원회, 국토교통위원회","M",1963-03-27,3,1034,66
"O7R5461J",20,"윤후덕","尹厚德","YOON HUDUK","더불어민주당","더불어민주당","경기 파주시갑","constituency","국토교통위원회, 남북관계개선 특별위원회, 대법관(김재형) 임명동의에 관한 인사청문특별위원회, 국무총리(이낙연) 임명동의에 관한 인사청문특별위원회, 예산결산특별위원회, 기획재정위원회, 헌법재판소 재판관 선출에 관한 인사청문특별위원회, 남북경제협력 특별위원회, 외교통일위원회, 국회운영위원회","M",1957-01-09,2,2097,133
"I7R13867",20,"이개호","李介昊","LEE KAIHO","더불어민주당","더불어민주당","전남 담양군함평군영광군장성군","constituency","농림축산식품해양수산위원회, 예산결산특별위원회, 법제사법위원회, 보건복지위원회, 과학기술정보방송통신위원회, 교육위원회, 행정안전위원회","M",1959-06-23,2,840,71
"0135473I",20,"이군현","李君賢","LEE KOONHYON","자유한국당","새누리당","경남 통영시고성군","constituency","농림축산식품해양수산위원회, 교육문화체육관광위원회, 교육위원회","M",1952-03-12,4,164,4
"9FL71418",20,"이규희","李揆熙","LEE KYU HEE","더불어민주당","더불어민주당","충남 천안시갑","constituency","국토교통위원회, 4차 산업혁명 특별위원회, 국회운영위원회","M",1961-06-27,1,481,15
"OQO34632",20,"이동섭","李銅燮","LEE DONGSUP","국민의당","국민의당","비례대표","proportional","교육문화체육관광위원회, 평창동계올림픽 및 국제경기대회지원 특별위원회, 국회운영위원회, 문화체육관광위원회, 헌법재판소장(유남석) 임명동의에 관한 인사청문특별위원회, 남북경제협력 특별위원회, 정보위원회","M",1956-11-07,1,2327,101
"OSV9142K",20,"이만희","李晩熙","LEE MANHEE","자유한국당","새누리당","경북 영천시청도군","constituency","국회운영위원회, 농림축산식품해양수산위원회, 미래일자리 특별위원회, 가습기살균제 사고 진상규명과 피해구제 및 재발방지 대책마련을 위한 국정조사특별위원회, 박근혜 정부의 최순실 등 민간인에 의한 국정농단 의혹사건 진상규명을 위한 국정조사특별위원회, 대법관(민유숙·안철상) 임명동의에 관한 인사청문특별위원회, 헌법재판소 재판관 선출에 관한 인사청문특별위원회, 정치개혁 특별위원회, 국회 코로나19 대책 특별위원회","M",1963-12-11,1,516,69
"6YT83269",20,"이명수","李明洙","LEE MYOUNGSU","자유한국당","새누리당","충남 아산시갑","constituency","보건복지위원회, 안전행정위원회, 정치발전 특별위원회, 저출산·고령화대책 특별위원회, 행정안전위원회, 청년미래 특별위원회","M",1955-02-11,3,1271,215
"JWW6081H",20,"이상돈","李相敦","LEE SANGDON","국민의당","국민의당","비례대표","proportional","환경노동위원회, 헌법개정 특별위원회, 헌법재판소장(김이수) 임명동의에 관한 인사청문특별위원회","M",1951-12-04,1,236,20
"ZYH1940A",20,"이상민","李相珉","LEE SANGMIN","더불어민주당","더불어민주당","대전 유성구을","constituency","미래창조과학방송통신위원회, 예산결산특별위원회, 헌법개정 특별위원회, 국방위원회, 과학기술정보방송통신위원회, 사법개혁 특별위원회","M",1958-01-22,4,192,47
"WVU2479T",20,"이상헌","李相憲","LEE SANGHEON","더불어민주당","더불어민주당","울산 북구","constituency","교육문화체육관광위원회, 예산결산특별위원회, 문화체육관광위원회","M",1954-07-10,1,595,38
"GMK1374L",20,"이석현","李錫玄","LEE SEOKHYUN","더불어민주당","더불어민주당","경기 안양시동안구갑","constituency","외교통일위원회","M",1951-03-16,6,637,63
"R7N74579",20,"이수혁","李秀赫","LEE SOOHYUCK","더불어민주당","더불어민주당","비례대표","proportional","외교통일위원회, 예산결산특별위원회, 산업통상자원중소벤처기업위원회","M",1949-01-04,1,603,31
"S9U45255",20,"이양수","李亮壽","LEE YANGSOO","자유한국당","새누리당","강원 속초시고성군양양군","constituency","국회운영위원회, 농림축산식품해양수산위원회, 가습기살균제 사고 진상규명과 피해구제 및 재발방지 대책마련을 위한 국정조사특별위원회, 평창동계올림픽 및 국제경기대회지원 특별위원회, 지방재정·분권 특별위원회, 대법관(김재형) 임명동의에 관한 인사청문특별위원회, 정치발전 특별위원회, 여성가족위원회, 헌법재판소장(이진성) 임명동의에 관한 인사청문특별위원회, 정치개혁 특별위원회, 행정안전위원회","M",1967-08-15,1,815,60
"JG77046J",20,"이언주","李彦周","LEE UNJU","바른미래당","더불어민주당","경기 광명시을","constituency","기획재정위원회, 윤리특별위원회, 가습기살균제 사고 진상규명과 피해구제 및 재발방지 대책마련을 위한 국정조사특별위원회, 헌법개정 특별위원회, 국회운영위원회, 산업통상자원중소벤처기업위원회, 예산결산특별위원회, 행정안전위원회","F",1972-11-08,2,874,104
"8WV8289I",20,"이완영","李完永","YI WANYOUNG","자유한국당","새누리당","경북 고령군성주군칠곡군","constituency","농림축산식품해양수산위원회, 정보위원회, 미래일자리 특별위원회, 박근혜 정부의 최순실 등 민간인에 의한 국정농단 의혹사건 진상규명을 위한 국정조사특별위원회, 법제사법위원회, 대법관(김선수·노정희·이동원) 임명동의에 관한 인사청문특별위원회","M",1957-07-07,2,548,38
"ABT2266H",20,"이용득","李龍得","LEE YONGDEUK","더불어민주당","더불어민주당","비례대표","proportional","환경노동위원회","M",1953-09-13,1,1212,76
"X9Y63914",20,"이용주","李勇周","LEE YONGJU","국민의당","국민의당","전남 여수시갑","constituency","법제사법위원회, 예산결산특별위원회, 지방재정·분권 특별위원회, 대법관(김재형) 임명동의에 관한 인사청문특별위원회, 박근혜 정부의 최순실 등 민간인에 의한 국정농단 의혹사건 진상규명을 위한 국정조사특별위원회, 정치개혁 특별위원회, 대법원장(김명수) 임명동의에 관한 인사청문특별위원회, 헌법재판소장(이진성) 임명동의에 관한 인사청문특별위원회, 재난안전 대책 특별위원회, 국회운영위원회, 산업통상자원중소벤처기업위원회","M",1968-06-14,1,943,26
"DBA1057Z",20,"이용호","李容鎬","LEE YONGHO","국민의당","국민의당","전북 남원시임실군순창군","constituency","국회상임위원회 위원정수에 관한 규칙 개정 특별위원회, 국회운영위원회, 안전행정위원회, 남북관계개선 특별위원회, 행정안전위원회, 감사원장(최재형) 임명동의에 관한 인사청문특별위원회, 국토교통위원회, 예산결산특별위원회","M",1960-03-20,1,673,67
"0582116P",20,"이우현","李愚鉉","LEE WOOHYUN","새누리당","새누리당","경기 용인시갑","constituency","국토교통위원회, 과학기술정보방송통신위원회, 농림축산식품해양수산위원회","M",1957-01-03,2,423,23
"16D7652C",20,"이원욱","李元旭","LEE WONWOOK","더불어민주당","더불어민주당","경기 화성시을","constituency","국토교통위원회, 민생경제 특별위원회, 대법관(김재형) 임명동의에 관한 인사청문특별위원회, 감사원장(최재형) 임명동의에 관한 인사청문특별위원회, 기획재정위원회, 국회운영위원회, 과학기술정보방송통신위원회","M",1963-03-20,2,1560,106
"DVD2735W",20,"이은권","李殷權","LEE EUNKWON","자유한국당","새누리당","대전 중구","constituency","미래창조과학방송통신위원회, 예산결산특별위원회, 국회운영위원회, 과학기술정보방송통신위원회, 국토교통위원회","M",1957-02-25,1,720,42
"IQN7588X",20,"이은재","李恩宰","LEE EUNJAE","자유한국당","새누리당","서울 강남구병","constituency","교육문화체육관광위원회, 평창동계올림픽 및 국제경기대회지원 특별위원회, 예산결산특별위원회, 사법개혁특별위원회, 법제사법위원회, 정보위원회, 대법관(김선수·노정희·이동원) 임명동의에 관한 인사청문특별위원회, 대법관(노태악) 임명동의에 관한 인사청문특별위원회","F",1952-03-27,2,391,23
"3ZR4438W",20,"이인영","李仁榮","LEE INYOUNG","더불어민주당","더불어민주당","서울 구로구갑","constituency","외교통일위원회, 정보위원회, 헌법개정 특별위원회, 헌법개정 및 정치개혁 특별위원회, 남북경제협력 특별위원회, 국회운영위원회, 산업통상자원중소벤처기업위원회","M",1964-06-28,3,333,46
"2SE64657",20,"이장우","李莊雨","LEE JANGWOO","자유한국당","새누리당","대전 동구","constituency","교육문화체육관광위원회, 예산결산특별위원회, 환경노동위원회, 사법개혁 특별위원회","M",1965-02-10,2,253,35
"UQ282145",20,"이재정","李在汀","LEE JAE JUNG","더불어민주당","더불어민주당","비례대표","proportional","국회운영위원회, 미래창조과학방송통신위원회, 대법관(김재형) 임명동의에 관한 인사청문특별위원회, 안전행정위원회, 헌법개정 특별위원회, 여성가족위원회, 행정안전위원회, 대법원장(김명수) 임명동의에 관한 인사청문특별위원회, 사법개혁특별위원회, 예산결산특별위원회, 대법관(김선수·노정희·이동원) 임명동의에 관한 인사청문특별위원회, 헌법재판소장(유남석) 임명동의에 관한 인사청문특별위원회, 남북경제협력 특별위원회, 대법관(김상환) 임명동의에 관한 인사청문특별위원회, 공공부문 채용비리 의혹과 관련된 국정조사특별위원회, 법제사법위원회","F",1974-08-02,1,859,81
"IUE5875N",20,"이정미","李貞味","LEE JEONGMI","정의당","정의당","비례대표","proportional","국회상임위원회 위원정수에 관한 규칙 개정 특별위원회, 여성가족위원회, 환경노동위원회, 가습기살균제 사고 진상규명과 피해구제 및 재발방지 대책마련을 위한 국정조사특별위원회, 예산결산특별위원회","F",1966-02-07,1,870,81
"7AN97172",20,"이정현","李貞鉉","LEE JUNGHYUN","무소속","새누리당","전남 순천시","constituency","교육문화체육관광위원회, 예산결산특별위원회, 국방위원회, 외교통일위원회","M",1958-09-01,3,188,13
"WDR7061Y",20,"이종걸","李鍾杰","LEE JONGKUL","더불어민주당","더불어민주당","경기 안양시만안구","constituency","국방위원회, 헌법개정 특별위원회, 미래창조과학방송통신위원회, 과학기술정보방송통신위원회, 예산결산특별위원회, 사법개혁 특별위원회, 행정안전위원회","M",1957-05-22,5,1194,59
"2XI97689",20,"이종구","李鍾九","LEE JONGKOO","자유한국당","새누리당","서울 강남구갑","constituency","기획재정위원회, 박근혜정부국정농단의혹진상규명국정조사특위, 헌법개정 특별위원회, 헌법개정 및 정치개혁 특별위원회, 정치개혁 특별위원회, 산업통상자원중소벤처기업위원회","M",1950-09-22,3,404,14
"11N7618M",20,"이종명","李鍾明","LEE JONGMYEONG","자유한국당","새누리당","비례대표","proportional","국방위원회, 윤리특별위원회, 남북관계개선 특별위원회, 여성가족위원회","M",1959-08-08,1,1012,62
"HSW1214Q",20,"이종배","李鍾培","LEE JONGBAE","자유한국당","새누리당","충북 충주시","constituency","교육문화체육관광위원회, 지방재정·분권 특별위원회, 미래일자리 특별위원회, 헌법개정 특별위원회, 예산결산특별위원회, 산업통상자원중소벤처기업위원회, 에너지 특별위원회","M",1957-05-30,2,865,95
"8IN46764",20,"이주영","李柱榮","LEE JUYOUNG","자유한국당","새누리당","경남 창원시마산합포구","constituency","외교통일위원회, 헌법개정 특별위원회, 국방위원회","M",1951-09-30,5,311,35
"0ID22746",20,"이진복","李珍福","LEE JINBOK","자유한국당","새누리당","부산 동래구","constituency","정무위원회, 행정안전위원회","M",1957-10-18,3,479,19
"BWD92364",20,"이찬열","李燦烈","LEE CHANYEOL","바른미래당","더불어민주당","경기 수원시갑","constituency","산업통상자원위원회, 평창동계올림픽 및 국제경기대회지원 특별위원회, 예산결산특별위원회, 대법관(박정화·조재연) 임명동의에 관한 인사청문특별위원회, 산업통상자원중소벤처기업위원회, 교육문화체육관광위원회, 교육위원회, 행정안전위원회, 농림축산식품해양수산위원회","M",1959-07-15,3,4205,324
"WDS6044S",20,"이채익","李埰益","LEE CHEIK","자유한국당","새누리당","울산 남구갑","constituency","산업통상자원위원회, 예산결산특별위원회, 박근혜정부국정농단의혹진상규명국정조사특위, 헌법개정 특별위원회, 헌법재판소장(김이수) 임명동의에 관한 인사청문특별위원회, 산업통상자원중소벤처기업위원회, 대법원장(김명수) 임명동의에 관한 인사청문특별위원회, 청년미래 특별위원회, 행정안전위원회, 헌법재판소장(유남석) 임명동의에 관한 인사청문특별위원회, 에너지 특별위원회, 국회 코로나19 대책 특별위원회","M",1955-05-27,2,814,41
"TZP9391O",20,"이철규","李喆圭","LEE CHULGYU","자유한국당","무소속","강원 동해시삼척시","constituency","국방위원회, 예산결산특별위원회, 평창동계올림픽 및 국제경기대회지원 특별위원회, 교육문화체육관광위원회, 헌법재판소장(이진성) 임명동의에 관한 인사청문특별위원회, 국회운영위원회, 산업통상자원중소벤처기업위원회, 대법관(김선수·노정희·이동원) 임명동의에 관한 인사청문특별위원회, 사법개혁 특별위원회","M",1957-09-20,1,487,44
"NS06841K",20,"이철우","李喆雨","LEE CHEOLWOO","새누리당","새누리당","경북 김천시","constituency","산업통상자원위원회, 정보위원회, 헌법개정 특별위원회, 산업통상자원중소벤처기업위원회","M",1955-08-15,3,189,14
"LSK9789D",20,"이철희","李哲熙","RHEE CHEOLHEE","더불어민주당","더불어민주당","비례대표","proportional","국방위원회, 정치발전 특별위원회, 국무총리(이낙연) 임명동의에 관한 인사청문특별위원회, 사법개혁특별위원회, 과학기술정보방송통신위원회, 국회운영위원회, 대법관(김선수·노정희·이동원) 임명동의에 관한 인사청문특별위원회, 정치개혁 특별위원회, 윤리특별위원회, 법제사법위원회, 예산결산특별위원회","M",1966-03-29,1,980,53
"V2R7430Z",20,"이춘석","李春錫","LEE CHOONSUAK","더불어민주당","더불어민주당","전북 익산시갑","constituency","법제사법위원회, 예산결산특별위원회, 남북관계개선 특별위원회, 헌법개정 특별위원회, 4차 산업혁명 특별위원회, 대법관(김상환) 임명동의에 관한 인사청문특별위원회, 기획재정위원회","M",1963-03-07,3,1314,87
"QTW6852F",20,"이태규","李泰珪","LEE TAEKYU","바른미래당","국민의당","비례대표","proportional","외교통일위원회, 정보위원회, 정치발전 특별위원회, 헌법개정 특별위원회, 국무총리(이낙연) 임명동의에 관한 인사청문특별위원회, 헌법개정 및 정치개혁 특별위원회, 정무위원회, 윤리특별위원회, 공공부문 채용비리 의혹과 관련된 국정조사특별위원회, 사법개혁 특별위원회, 예산결산특별위원회","M",1964-03-22,1,347,50
"K5F2023J",20,"이학영","李學永","LEE HACKYOUNG","더불어민주당","더불어민주당","경기 군포시을","constituency","정무위원회, 예산결산특별위원회","M",1952-04-16,2,1316,146
"AJV31724",20,"이학재","李鶴宰","LEE HAGJAE","새누리당","새누리당","인천 서구갑","constituency","국토교통위원회, 정보위원회, 행정안전위원회, 교육위원회, 예산결산특별위원회","M",1964-08-19,3,583,41
"9ZP9014Q",20,"이해찬","李海瓚","LEE HAECHAN","더불어민주당","무소속","세종특별자치시","constituency","국토교통위원회, 평창동계올림픽 및 국제경기대회지원 특별위원회, 외교통일위원회, 국방위원회","M",1952-07-10,7,273,10
"EVH1507C",20,"이헌승","李憲昇","LEE HUNSEUNG","자유한국당","새누리당","부산 부산진구을","constituency","국토교통위원회, 평창동계올림픽 및 국제경기대회지원 특별위원회, 정치발전 특별위원회, 예산결산특별위원회","M",1963-05-11,2,436,62
"MBS2896E",20,"이현재","李賢在","LEE HYUNJAE","자유한국당","새누리당","경기 하남시","constituency","기획재정위원회, 민생경제 특별위원회, 국토교통위원회, 공공부문 채용비리 의혹과 관련된 국정조사특별위원회, 4차 산업혁명 특별위원회, 예산결산특별위원회","M",1949-04-25,2,537,35
"LCJ77278",20,"이혜훈","李惠薰","LEE HYEHOON","바른미래당","새누리당","서울 서초구갑","constituency","기획재정위원회, 정치발전 특별위원회, 박근혜 정부의 최순실 등 민간인에 의한 국정농단 의혹사건 진상규명을 위한 국정조사특별위원회, 박근혜정부국정농단의혹진상규명국정조사특위, 국토교통위원회, 예산결산특별위원회, 4차 산업혁명 특별위원회, 정보위원회","F",1964-06-15,3,207,26
"QXD2505Y",20,"이후삼","李厚三","LEE HU SAM","더불어민주당","더불어민주당","충북 제천시단양군","constituency","국토교통위원회, 예산결산특별위원회","M",1969-09-18,1,388,15
"BTP28870",20,"이훈","李薰","LEE HOON","더불어민주당","더불어민주당","서울 금천구","constituency","국회상임위원회 위원정수에 관한 규칙 개정 특별위원회, 국회운영위원회, 산업통상자원위원회, 민생경제 특별위원회, 가습기살균제 사고 진상규명과 피해구제 및 재발방지 대책마련을 위한 국정조사특별위원회, 산업통상자원중소벤처기업위원회, 에너지 특별위원회, 공공부문 채용비리 의혹과 관련된 국정조사특별위원회, 예산결산특별위원회","M",1965-09-06,1,655,38
"UM51067K",20,"인재근","印在謹","IN JAEKEUN","더불어민주당","더불어민주당","서울 도봉구갑","constituency","보건복지위원회, 저출산·고령화대책 특별위원회, 행정안전위원회, 여성가족위원회","F",1953-11-11,2,1492,117
"EH27538E",20,"임이자","林利子","LIM LEEJA","자유한국당","새누리당","비례대표","proportional","여성가족위원회, 환경노동위원회, 저출산·고령화대책 특별위원회, 미세먼지 대책 특별위원회, 정치개혁 특별위원회, 공공부문 채용비리 의혹과 관련된 국정조사특별위원회","F",1964-03-05,1,918,105
"BIR8594P",20,"임재훈","林哉勳","LIM JAEHUN","바른미래당","바른미래당","비례대표","proportional","교육위원회, 윤리특별위원회, 사법개혁 특별위원회","M",1966-01-01,1,281,27
"E6U4345C",20,"임종성","林鍾聲","LIM JONGSEONG","더불어민주당","더불어민주당","경기 광주시을","constituency","국토교통위원회, 청년미래 특별위원회, 헌법재판소 재판관 선출에 관한 인사청문특별위원회, 여성가족위원회, 국회운영위원회, 예산결산특별위원회, 정치개혁 특별위원회","M",1965-08-05,1,1522,72
"V8I36226",20,"장병완","張秉浣","CHANG BYOUNGWAN","민주평화당","국민의당","광주 동구남구갑","constituency","산업통상자원위원회, 예산결산특별위원회, 산업통상자원중소벤처기업위원회, 국회운영위원회, 정무위원회, 정보위원회","M",1952-05-05,3,909,47
"WNN9272X",20,"장석춘","張錫春","JANG SEOKCHUN","자유한국당","새누리당","경북 구미시을","constituency","예산결산특별위원회, 환경노동위원회, 감사원장(최재형) 임명동의에 관한 인사청문특별위원회, 국회운영위원회, 산업통상자원중소벤처기업위원회, 정치개혁 특별위원회","M",1957-08-18,1,648,36
"0AI7568W",20,"장정숙","張貞淑","CHANG JUNGSOOK","바른미래당","국민의당","비례대표","proportional","국회운영위원회, 안전행정위원회, 지방재정·분권 특별위원회, 교육문화체육관광위원회, 보건복지위원회, 행정안전위원회, 정보위원회","F",1952-01-17,1,1987,65
"CZB4125D",20,"장제원","張濟元","CHANG JEWON","자유한국당","무소속","부산 사상구","constituency","안전행정위원회, 예산결산특별위원회, 저출산·고령화대책 특별위원회, 박근혜 정부의 최순실 등 민간인에 의한 국정농단 의혹사건 진상규명을 위한 국정조사특별위원회, 행정안전위원회, 대법원장(김명수) 임명동의에 관한 인사청문특별위원회, 재난안전 대책 특별위원회, 국회운영위원회, 사법개혁특별위원회, 법제사법위원회, 대법관(김선수·노정희·이동원) 임명동의에 관한 인사청문특별위원회, 정치개혁 특별위원회, 국토교통위원회, 대법관(노태악) 임명동의에 관한 인사청문특별위원회","M",1967-04-13,2,266,52
"9YO73104",20,"전재수","田載秀","CHUN JAESOO","더불어민주당","더불어민주당","부산 북구강서구갑","constituency","교육문화체육관광위원회, 예산결산특별위원회, 민생경제 특별위원회, 윤리특별위원회, 정무위원회, 헌법재판소 재판관 선출에 관한 인사청문특별위원회","M",1971-04-20,1,1357,123
"BM63269Y",20,"전해철","全海澈","JEON HAECHEOL","더불어민주당","더불어민주당","경기 안산시상록구갑","constituency","정무위원회, 남북관계개선 특별위원회, 헌법개정 특별위원회, 대법원장(김명수) 임명동의에 관한 인사청문특별위원회, 정보위원회, 헌법재판소장(유남석) 임명동의에 관한 인사청문특별위원회, 예산결산특별위원회","M",1962-05-18,2,649,60
"25G2571T",20,"전현희","全賢姬","JEON HYUNHEUI","더불어민주당","더불어민주당","서울 강남구을","constituency","국토교통위원회, 예산결산특별위원회, 대법관(박정화·조재연) 임명동의에 관한 인사청문특별위원회, 헌법개정 특별위원회, 환경노동위원회, 에너지 특별위원회","F",1964-11-04,2,1001,143
"N9X9673B",20,"전혜숙","全惠淑","JUN HYESOOK","더불어민주당","더불어민주당","서울 광진구갑","constituency","보건복지위원회, 윤리특별위원회, 예산결산특별위원회, 국무총리(이낙연) 임명동의에 관한 인사청문특별위원회, 미세먼지 대책 특별위원회, 여성가족위원회, 행정안전위원회","F",1955-05-05,2,1846,115
"QZF33498",20,"전희경","全希卿","JUN HEEKYUNG","자유한국당","새누리당","비례대표","proportional","교육문화체육관광위원회, 윤리특별위원회, 가습기살균제 사고 진상규명과 피해구제 및 재발방지 대책마련을 위한 국정조사특별위원회, 정치발전 특별위원회, 대법관(김재형) 임명동의에 관한 인사청문특별위원회, 대법원장(김명수) 임명동의에 관한 인사청문특별위원회, 국회운영위원회, 여성가족위원회, 교육위원회, 공공부문 채용비리 의혹과 관련된 국정조사특별위원회","F",1975-10-09,1,374,28
"CYD5815E",20,"정갑윤","鄭甲潤","JEONG KABYOON","자유한국당","새누리당","울산 중구","constituency","법제사법위원회, 예산결산특별위원회, 정무위원회","M",1950-11-08,5,1207,78
"ARP89147",20,"정동영","鄭東泳","CHUNG DONGYOUNG","민주평화당","국민의당","전북 전주시병","constituency","국토교통위원회, 미래일자리 특별위원회, 교육문화체육관광위원회, 교육위원회","M",1953-07-27,4,1458,70
"P303213F",20,"정병국","鄭柄國","CHOUNG BYOUNGGUG","바른미래당","새누리당","경기 여주시양평군","constituency","기획재정위원회, 외교통일위원회, 4차 산업혁명 특별위원회","M",1958-02-10,5,607,57
"V429892C",20,"정성호","鄭成湖","JUNG SUNGHO","더불어민주당","더불어민주당","경기 양주시","constituency","법제사법위원회, 국무총리(이낙연) 임명동의에 관한 인사청문특별위원회, 재난안전 대책 특별위원회, 대법관(민유숙·안철상) 임명동의에 관한 인사청문특별위원회, 사법개혁특별위원회, 기획재정위원회, 대법관(노태악) 임명동의에 관한 인사청문특별위원회","M",1961-09-10,3,1615,77
"DCN7433W",20,"정세균","丁世均","CHUNG SYEKYUN","더불어민주당","더불어민주당","서울 종로구","constituency","교육문화체육관광위원회, 문화체육관광위원회","M",1950-09-26,6,638,21
"0E97245Y",20,"정양석","鄭亮碩","CHEONG YANGSEOG","자유한국당","새누리당","서울 강북구갑","constituency","외교통일위원회, 남북관계개선 특별위원회, 대법관(김재형) 임명동의에 관한 인사청문특별위원회, 국회운영위원회, 정치개혁 특별위원회, 정보위원회","M",1958-11-25,2,275,8
"ZGA4092Y",20,"정용기","鄭容起","JEONG YONGKI","자유한국당","새누리당","대전 대덕구","constituency","국토교통위원회, 윤리특별위원회, 국회운영위원회, 헌법개정 특별위원회, 과학기술정보방송통신위원회, 예산결산특별위원회","M",1962-06-01,2,263,21
"VHK3402G",20,"정우택","鄭宇澤","CHUNG WOOTAIK","자유한국당","새누리당","충북 청주시상당구","constituency","산업통상자원위원회, 정보위원회, 국회운영위원회, 산업통상자원중소벤처기업위원회","M",1953-02-18,4,303,31
"NZF1659U",20,"정운천","鄭雲天","CHUNG WOONCHUN","바른미래당","새누리당","전북 전주시을","constituency","산업통상자원위원회, 예산결산특별위원회, 가습기살균제 사고 진상규명과 피해구제 및 재발방지 대책마련을 위한 국정조사특별위원회, 산업통상자원중소벤처기업위원회, 재난안전 대책 특별위원회, 농림축산식품해양수산위원회, 에너지 특별위원회","M",1954-04-10,1,651,34
"0GF6251P",20,"정유섭","鄭有燮","JUNG YOUSUB","자유한국당","새누리당","인천 부평구갑","constituency","산업통상자원위원회, 가습기살균제 사고 진상규명과 피해구제 및 재발방지 대책마련을 위한 국정조사특별위원회, 민생경제 특별위원회, 박근혜 정부의 최순실 등 민간인에 의한 국정농단 의혹사건 진상규명을 위한 국정조사특별위원회, 산업통상자원중소벤처기업위원회, 청년미래 특별위원회, 국회운영위원회, 예산결산특별위원회, 대법관(김선수·노정희·이동원) 임명동의에 관한 인사청문특별위원회, 정치개혁 특별위원회, 대법관(김상환) 임명동의에 관한 인사청문특별위원회, 법제사법위원회","M",1954-12-06,1,824,39
"DQL3007B",20,"정은혜","鄭恩惠","JUNG EUNHYE","더불어민주당","더불어민주당","비례대표","proportional","산업통상자원중소벤처기업위원회, 여성가족위원회","F",1983-09-08,1,102,5
"DKB8522X",20,"정인화","鄭仁和","JEONG INHWA","국민의당","국민의당","전남 광양시곡성군구례군","constituency","농림축산식품해양수산위원회, 민생경제 특별위원회, 정치발전 특별위원회, 예산결산특별위원회, 청년미래 특별위원회, 행정안전위원회, 보건복지위원회","M",1957-07-27,1,1683,111
"9S468336",20,"정재호","鄭在浩","JUNG JAEHO","더불어민주당","더불어민주당","경기 고양시을","constituency","정무위원회","M",1965-10-22,1,1088,47
"LJK4960Z",20,"정점식","鄭点植","JEONG JEOMSIG","자유한국당","자유한국당","경남 통영시고성군","constituency","문화체육관광위원회, 법제사법위원회, 예산결산특별위원회, 국회운영위원회, 산업통상자원중소벤처기업위원회, 대법관(노태악) 임명동의에 관한 인사청문특별위원회","M",1965-07-15,1,80,11
"CJX51868",20,"정종섭","鄭宗燮","CHONG JONGSUP","자유한국당","새누리당","대구 동구갑","constituency","국토교통위원회, 지방재정·분권 특별위원회, 헌법개정 특별위원회, 대법관(박정화·조재연) 임명동의에 관한 인사청문특별위원회, 헌법개정 및 정치개혁 특별위원회, 국방위원회, 예산결산특별위원회, 헌법재판소장(유남석) 임명동의에 관한 인사청문특별위원회, 사법개혁 특별위원회","M",1957-06-16,1,314,29
"NQR1206Q",20,"정진석","鄭鎭碩","CHUNG JINSUK","자유한국당","새누리당","충남 공주시부여군청양군","constituency","국방위원회, 국회운영위원회, 정보위원회, 외교통일위원회","M",1960-09-04,4,368,21
"MD083627",20,"정춘숙","鄭春淑","JUNG CHOUNSOOK","더불어민주당","더불어민주당","비례대표","proportional","보건복지위원회, 여성가족위원회, 가습기살균제 사고 진상규명과 피해구제 및 재발방지 대책마련을 위한 국정조사특별위원회, 헌법개정 특별위원회, 헌법재판소장(김이수) 임명동의에 관한 인사청문특별위원회, 정치개혁 특별위원회, 헌법개정 및 정치개혁 특별위원회, 예산결산특별위원회, 농림축산식품해양수산위원회, 국회운영위원회","F",1964-01-08,1,1341,149
"06571503",20,"정태옥","鄭泰沃","CHOUNG TAEOK","자유한국당","새누리당","대구 북구갑","constituency","정무위원회, 지방재정·분권 특별위원회, 가습기살균제 사고 진상규명과 피해구제 및 재발방지 대책마련을 위한 국정조사특별위원회, 국회운영위원회, 국무총리(이낙연) 임명동의에 관한 인사청문특별위원회, 예산결산특별위원회, 정치개혁 특별위원회, 헌법개정 및 정치개혁 특별위원회, 사법개혁 특별위원회, 국회 코로나19 대책 특별위원회","M",1961-11-27,1,1099,62
"8KB8281W",20,"제윤경","諸閏景","JE YOUNKYUNG","더불어민주당","더불어민주당","비례대표","proportional","정무위원회, 민생경제 특별위원회, 국무총리(이낙연) 임명동의에 관한 인사청문특별위원회, 국회운영위원회, 여성가족위원회, 예산결산특별위원회, 헌법재판소 재판관 선출에 관한 인사청문특별위원회","F",1971-07-25,1,923,93
"5KV82250",20,"조경태","趙慶泰","CHO KYOUNGTAE","자유한국당","새누리당","부산 사하구을","constituency","기획재정위원회, 교육문화체육관광위원회, 예산결산특별위원회, 문화체육관광위원회, 4차 산업혁명 특별위원회, 교육위원회","M",1968-01-10,4,662,79
"IWK63872",20,"조배숙","趙培淑","CHO BAESOOK","국민의당","국민의당","전북 익산시을","constituency","산업통상자원위원회, 예산결산특별위원회, 대법관(김재형) 임명동의에 관한 인사청문특별위원회, 산업통상자원중소벤처기업위원회, 사법개혁특별위원회, 에너지 특별위원회, 국회운영위원회","F",1956-09-10,4,1293,54
"FYI20317",20,"조승래","趙承來","JO SEOUNGLAE","더불어민주당","더불어민주당","대전 유성구갑","constituency","교육문화체육관광위원회, 지방재정·분권 특별위원회, 환경노동위원회, 국회운영위원회, 예산결산특별위원회, 교육위원회, 국회 코로나19 대책 특별위원회","M",1968-02-21,1,1192,72
"VNF2868Z",20,"조원진","趙源震","CHO WONJIN","새누리당","새누리당","대구 달서구병","constituency","예산결산특별위원회, 환경노동위원회, 미래창조과학방송통신위원회, 과학기술정보방송통신위원회, 행정안전위원회","M",1959-01-07,3,137,19
"CDL93608",20,"조응천","趙應天","CHO EUNGCHEON","더불어민주당","더불어민주당","경기 남양주시갑","constituency","법제사법위원회, 정보위원회, 국회운영위원회, 대법관(민유숙·안철상) 임명동의에 관한 인사청문특별위원회, 사법개혁특별위원회, 예산결산특별위원회, 국토교통위원회","M",1962-09-17,1,298,79
"IN328264",20,"조정식","趙正湜","CHO JEONGSIK","더불어민주당","더불어민주당","경기 시흥시을","constituency","국토교통위원회, 기획재정위원회, 예산결산특별위원회","M",1963-12-25,4,834,72
"D397960C",20,"조훈현","曺薰鉉","CHO HOONHYUN","자유한국당","새누리당","비례대표","proportional","교육문화체육관광위원회, 남북관계개선 특별위원회, 여성가족위원회, 과학기술정보방송통신위원회, 문화체육관광위원회, 윤리특별위원회","M",1953-03-10,1,642,46
"AFQ26679",20,"주광덕","朱光德","JOO KWANGDEOK","자유한국당","새누리당","경기 남양주시병","constituency","법제사법위원회, 예산결산특별위원회, 대법원장(김명수) 임명동의에 관한 인사청문특별위원회, 대법관(민유숙·안철상) 임명동의에 관한 인사청문특별위원회, 국회운영위원회, 헌법개정 및 정치개혁 특별위원회, 대법관(김선수·노정희·이동원) 임명동의에 관한 인사청문특별위원회, 대법관(노태악) 임명동의에 관한 인사청문특별위원회","M",1960-07-26,2,441,50
"GCA42857",20,"주승용","朱昇鎔","JOO SEUNGYONG","국민의당","국민의당","전남 여수시을","constituency","국토교통위원회, 국회운영위원회, 정보위원회, 헌법개정 및 정치개혁 특별위원회, 행정안전위원회","M",1952-07-27,4,1578,154
"8SV6917G",20,"주호영","朱豪英","JOO HOYOUNG","자유한국당","무소속","대구 수성구을","constituency","국토교통위원회, 국회운영위원회, 정보위원회, 대법원장(김명수) 임명동의에 관한 인사청문특별위원회, 미세먼지 대책 특별위원회, 정무위원회, 국무총리(정세균) 임명동의에 관한 인사청문특별위원회, 예산결산특별위원회","M",1960-12-10,4,739,69
"5HG31863",20,"지상욱","池尙昱","JI SANGWUK","바른미래당","새누리당","서울 중구성동구을","constituency","정무위원회, 국회운영위원회, 대법관(민유숙·안철상) 임명동의에 관한 인사청문특별위원회, 헌법개정 및 정치개혁 특별위원회, 예산결산특별위원회, 남북경제협력 특별위원회, 정치개혁 특별위원회, 국무총리(정세균) 임명동의에 관한 인사청문특별위원회, 대법관(노태악) 임명동의에 관한 인사청문특별위원회","M",1965-05-16,1,295,22
"68P7228G",20,"진선미","陳善美","JIN SUNMEE","더불어민주당","더불어민주당","서울 강동구갑","constituency","안전행정위원회, 예산결산특별위원회, 저출산·고령화대책 특별위원회, 헌법재판소장(김이수) 임명동의에 관한 인사청문특별위원회, 헌법개정 특별위원회, 행정안전위원회, 사법개혁특별위원회, 국회운영위원회, 과학기술정보방송통신위원회, 문화체육관광위원회, 교육위원회, 보건복지위원회, 정보위원회","F",1967-05-14,2,746,105
"IDV9108J",20,"진영","陳永","CHIN YOUNG","더불어민주당","더불어민주당","서울 용산구","constituency","국방위원회, 헌법재판소장(이진성) 임명동의에 관한 인사청문특별위원회, 외교통일위원회, 대법관(김선수·노정희·이동원) 임명동의에 관한 인사청문특별위원회, 교육위원회, 산업통상자원중소벤처기업위원회, 농림축산식품해양수산위원회","M",1950-10-23,4,67,2
"GDN7894V",20,"채이배","蔡利培","CHAE YIBAI","국민의당","국민의당","비례대표","proportional","정무위원회, 청년미래 특별위원회, 국회운영위원회, 법제사법위원회, 예산결산특별위원회, 대법관(김선수·노정희·이동원) 임명동의에 관한 인사청문특별위원회, 대법관(김상환) 임명동의에 관한 인사청문특별위원회, 사법개혁 특별위원회","M",1975-01-02,1,968,128
"3SP89633",20,"천정배","千正培","CHUN JUNGBAE","민주평화당","국민의당","광주 서구을","constituency","국방위원회, 보건복지위원회, 민생경제 특별위원회, 헌법개정 특별위원회, 외교통일위원회, 정치개혁 특별위원회","M",1954-12-12,6,764,57
"KA04352K",20,"최경환","崔敬煥","CHOI GYUNGHWAN","국민의당","국민의당","광주 북구을","constituency","국토교통위원회, 남북관계개선 특별위원회, 국회운영위원회, 재난안전 대책 특별위원회, 교육문화체육관광위원회, 문화체육관광위원회, 남북경제협력 특별위원회","M",1959-07-28,1,911,48
"FJ03481D",20,"최경환","崔炅煥","CHOI KYUNGHWAN","새누리당","새누리당","경북 경산시","constituency","외교통일위원회, 국방위원회, 문화체육관광위원회, 국토교통위원회, 산업통상자원중소벤처기업위원회","M",1955-02-27,4,29,2
"TO79481Z",20,"최교일","崔敎一","CHOI GYOIL","자유한국당","새누리당","경북 영주시문경시예천군","constituency","기획재정위원회, 가습기살균제 사고 진상규명과 피해구제 및 재발방지 대책마련을 위한 국정조사특별위원회, 저출산·고령화대책 특별위원회, 대법관(김재형) 임명동의에 관한 인사청문특별위원회, 박근혜정부국정농단의혹진상규명국정조사특위, 헌법개정 특별위원회, 대법관(박정화·조재연) 임명동의에 관한 인사청문특별위원회, 예산결산특별위원회, 대법관(김선수·노정희·이동원) 임명동의에 관한 인사청문특별위원회, 헌법재판소 재판관 선출에 관한 인사청문특별위원회, 정치개혁 특별위원회, 국회운영위원회, 문화체육관광위원회","M",1962-02-28,1,521,51
"O8E1566L",20,"최도자","崔道子","CHOI DOJA","국민의당","국민의당","비례대표","proportional","보건복지위원회, 국회운영위원회, 미세먼지 대책 특별위원회, 예산결산특별위원회","F",1955-03-04,1,1913,155
"U013741R",20,"최명길","崔明吉","CHOI MYUNGGHIL","더불어민주당","더불어민주당","서울 송파구을","constituency","미래창조과학방송통신위원회, 평창동계올림픽 및 국제경기대회지원 특별위원회, 국회운영위원회, 예산결산특별위원회, 과학기술정보방송통신위원회","M",1961-03-19,1,444,35
"16I8621J",20,"최연혜","崔然惠","CHOI YEONHYE","자유한국당","새누리당","비례대표","proportional","산업통상자원위원회, 가습기살균제 사고 진상규명과 피해구제 및 재발방지 대책마련을 위한 국정조사특별위원회, 남북관계개선 특별위원회, 산업통상자원중소벤처기업위원회, 과학기술정보방송통신위원회, 에너지 특별위원회, 정치개혁 특별위원회","F",1956-04-02,1,658,51
"ZJI5740K",20,"최운열","崔運烈","CHOI WOONYOUL","더불어민주당","더불어민주당","비례대표","proportional","정무위원회, 미래일자리 특별위원회, 4차 산업혁명 특별위원회","M",1950-04-02,1,642,47
"LPB30152",20,"최인호","崔仁昊","CHOI INHO","더불어민주당","더불어민주당","부산 사하구갑","constituency","국토교통위원회, 국회운영위원회, 헌법개정 특별위원회, 헌법개정 및 정치개혁 특별위원회, 산업통상자원중소벤처기업위원회, 정치개혁 특별위원회, 예산결산특별위원회","M",1966-10-15,1,1522,107
"VE469451",20,"최재성","崔宰誠","CHOI JAE SUNG","더불어민주당","더불어민주당","서울 송파구을","constituency","국방위원회, 공공부문 채용비리 의혹과 관련된 국정조사특별위원회, 외교통일위원회","M",1965-09-09,4,430,27
"G152611B",20,"추경호","秋慶鎬","CHOO KYUNGHO","자유한국당","새누리당","대구 달성군","constituency","기획재정위원회, 예산결산특별위원회, 저출산·고령화대책 특별위원회, 미래일자리 특별위원회, 박근혜 정부의 최순실 등 민간인에 의한 국정농단 의혹사건 진상규명을 위한 국정조사특별위원회, 4차 산업혁명 특별위원회, 남북경제협력 특별위원회","M",1960-07-29,1,1172,111
"URV1689Q",20,"추미애","秋美愛","CHOO MIAE","더불어민주당","더불어민주당","서울 광진구을","constituency","국방위원회, 법제사법위원회, 외교통일위원회","F",1958-10-23,5,412,24
"XTB3104O",20,"추혜선","秋惠仙","CHU HYESEON","정의당","정의당","비례대표","proportional","예산결산특별위원회, 외교통일위원회, 지방재정·분권 특별위원회, 미래창조과학방송통신위원회, 과학기술정보방송통신위원회, 여성가족위원회, 정무위원회","F",1971-01-15,1,795,54
"EX94352K",20,"표창원","表蒼園","PYO CHANGWON","더불어민주당","더불어민주당","경기 용인시정","constituency","안전행정위원회, 윤리특별위원회, 교육문화체육관광위원회, 행정안전위원회, 재난안전 대책 특별위원회, 감사원장(최재형) 임명동의에 관한 인사청문특별위원회, 법제사법위원회, 여성가족위원회, 예산결산특별위원회, 사법개혁 특별위원회, 국회운영위원회","M",1966-05-03,1,840,57
"I0S53762",20,"하태경","河泰慶","HA TAEKEUNG","바른미래당","새누리당","부산 해운대구갑","constituency","예산결산특별위원회, 환경노동위원회, 가습기살균제 사고 진상규명과 피해구제 및 재발방지 대책마련을 위한 국정조사특별위원회, 박근혜 정부의 최순실 등 민간인에 의한 국정농단 의혹사건 진상규명을 위한 국정조사특별위원회, 헌법개정 특별위원회, 국방위원회, 공공부문 채용비리 의혹과 관련된 국정조사특별위원회, 국회운영위원회","M",1968-03-29,2,621,55
"ZX71333R",20,"한선교","韓善敎","HAN SUNKYO","자유한국당","새누리당","경기 용인시병","constituency","교육문화체육관광위원회, 정치발전 특별위원회, 정보위원회, 문화체육관광위원회","M",1959-06-23,4,235,31
"XPP2564T",20,"한정애","韓貞愛","HAN JEOUNGAE","더불어민주당","더불어민주당","서울 강서구병","constituency","환경노동위원회, 법제사법위원회, 헌법재판소장(이진성) 임명동의에 관한 인사청문특별위원회","F",1965-01-08,2,1130,140
"1KD95875",20,"함진규","咸珍圭","HAM JINGYU","자유한국당","새누리당","경기 시흥시갑","constituency","국토교통위원회, 예산결산특별위원회, 대법관(박정화·조재연) 임명동의에 관한 인사청문특별위원회, 정치개혁 특별위원회, 사법개혁 특별위원회, 4차 산업혁명 특별위원회","M",1959-08-13,2,1036,156
"3UZ61136",20,"허윤정","許允貞","HEOYUNJUNG","더불어민주당","더불어민주당","비례대표","proportional","과학기술정보방송통신위원회, 국회 코로나19 대책 특별위원회","F",1969-03-09,1,25,4
"T2K9554I",20,"홍문종","洪文鐘","HONG MOONJONG","자유한국당","새누리당","경기 의정부시을","constituency","외교통일위원회, 교육문화체육관광위원회, 교육위원회","M",1955-04-05,4,363,6
"GD131760",20,"홍문표","洪文杓","HONG MOONPYO","자유한국당","새누리당","충남 홍성군예산군","constituency","농림축산식품해양수산위원회, 교육문화체육관광위원회, 행정안전위원회, 교육위원회","M",1947-10-05,3,969,38
"KR14136C",20,"홍영표","洪永杓","HONG YOUNGPYO","더불어민주당","더불어민주당","인천 부평구을","constituency","환경노동위원회, 국회운영위원회, 정보위원회, 국방위원회, 정치개혁 특별위원회","M",1957-04-30,3,420,35
"GW55008L",20,"홍의락","洪宜洛","HONG EUIRAK","더불어민주당","무소속","대구 북구을","constituency","국회운영위원회, 산업통상자원위원회, 저출산·고령화대책 특별위원회, 예산결산특별위원회, 산업통상자원중소벤처기업위원회, 4차 산업혁명 특별위원회, 국회 코로나19 대책 특별위원회","M",1955-03-11,2,617,73
"FRN1867O",20,"홍익표","洪翼杓","HONG IHKPYO","더불어민주당","더불어민주당","서울 중구성동구갑","constituency","산업통상자원위원회, 가습기살균제 사고 진상규명과 피해구제 및 재발방지 대책마련을 위한 국정조사특별위원회, 산업통상자원중소벤처기업위원회, 행정안전위원회, 에너지 특별위원회, 공공부문 채용비리 의혹과 관련된 국정조사특별위원회","M",1967-11-20,2,618,112
"06L2365K",20,"홍일표","洪日杓","HONG ILPYO","자유한국당","새누리당","인천 남구갑","constituency","정무위원회, 헌법개정 특별위원회, 미세먼지 대책 특별위원회, 대법관(민유숙·안철상) 임명동의에 관한 인사청문특별위원회, 산업통상자원중소벤처기업위원회, 기획재정위원회","M",1956-02-11,3,284,23
"R365233W",20,"홍철호","洪哲鎬","HONG CHULHO","자유한국당","새누리당","경기 김포시을","constituency","안전행정위원회, 지방재정·분권 특별위원회, 정치발전 특별위원회, 예산결산특별위원회, 행정안전위원회, 재난안전 대책 특별위원회, 국토교통위원회, 정보위원회","M",1958-08-13,2,667,54
"C7Z8238W",20,"황영철","黃永哲","HWANG YOUNGCHEUL","자유한국당","새누리당","강원 홍천군철원군화천군양구군인제군","constituency","안전행정위원회, 예산결산특별위원회, 평창동계올림픽 및 국제경기대회지원 특별위원회, 박근혜 정부의 최순실 등 민간인에 의한 국정농단 의혹사건 진상규명을 위한 국정조사특별위원회, 행정안전위원회, 헌법개정 및 정치개혁 특별위원회, 국방위원회, 남북경제협력 특별위원회","M",1965-07-13,3,436,17
"JOY4394O",20,"황주홍","黃柱洪","HWANG JUHONG","국민의당","국민의당","전남 고흥군보성군장흥군강진군","constituency","농림축산식품해양수산위원회, 정치발전 특별위원회, 예산결산특별위원회","M",1952-02-27,2,3300,696
"0VU8517U",20,"황희","黃熙","HWANG HEE","더불어민주당","더불어민주당","서울 양천구갑","constituency","국토교통위원회, 4차 산업혁명 특별위원회, 국회운영위원회, 예산결산특별위원회","M",1967-07-28,1,792,60
"14M56632",21,"강기윤","姜起潤","KANG GIYUN","국민의힘","미래통합당","경남 창원시성산구","constituency","행정안전위원회, 보건복지위원회, 연금개혁특별위원회","M",1960-06-04,2,1259,184
"L2I9861C",21,"강대식","姜大植","KANG DAESIK","국민의힘","미래통합당","대구 동구을","constituency","행정안전위원회, 국방위원회, 정치개혁 특별위원회, 국토교통위원회, 예산결산특별위원회","M",1959-11-02,1,1025,96
"8P37634C",21,"강득구","姜得求","KANG DEUKGU","더불어민주당","더불어민주당","경기 안양시만안구","constituency","교육위원회, 예산결산특별위원회, 국회운영위원회, 인구위기특별위원회, 과학기술정보방송통신위원회","M",1963-05-27,1,1476,108
"GX22581L",21,"강민국","姜旻局","KANG MINKUK","국민의힘","미래통합당","경남 진주시을","constituency","산업통상자원중소벤처기업위원회, 정무위원회, 국회운영위원회, 중앙선거관리위원회 위원(문상부) 선출에 관한 인사청문특별위원회, 정치개혁 특별위원회, 민생경제안정특별위원회, 예산결산특별위원회, 정치개혁특별위원회","M",1971-03-03,1,456,49
"P2N50879",21,"강민정","姜旼姃","KANG MINJUNG","더불어민주당","열린민주당","비례대표","proportional","교육위원회, 국회운영위원회, 예산결산특별위원회, 중앙선거관리위원회위원(남래진)선출에관한인사청문특별위원회, 여성가족위원회, 대법관(권영준·서경환) 임명동의에 관한 인사청문특별위원회, 대법관(권영준서경환)임명동의에관한인사청문특별위원회, 헌법재판소장(이종석)임명동의에관한인사청문특별위원회, 대법관(신숙희·엄상필)임명동의에관한인사청문특별위원회","F",1961-04-26,1,1702,126
"60490713",21,"강병원","姜炳遠","KANG BYUNGWON","더불어민주당","더불어민주당","서울 은평구을","constituency","보건복지위원회, 국방위원회, 국무총리후보자(한덕수)에 관한 인사청문특별위원회, 정무위원회, 행정안전위원회","M",1971-07-09,2,1059,104
"MNZ4401T",21,"강선우","姜仙祐","KANG SUNWOO","더불어민주당","더불어민주당","서울 강서구갑","constituency","국회운영위원회, 보건복지위원회, 국무총리(김부겸) 임명동의에 관한 인사청문특별위원회, 예산결산특별위원회, 여성가족위원회, 국회 2030 부산세계박람회 유치지원 특별위원회","F",1978-06-02,1,1271,133
"6FS10566",21,"강성희","姜聖熙","KANG SUNGHEE","진보당","진보당","전북 전주시을","constituency","정무위원회","M",1972-09-07,1,91,11
"WMG57662",21,"강은미","姜恩美","KANG EUNMI","정의당","정의당","비례대표","proportional","국회상임위원회 위원 정수에 관한 규칙 개정 특별위원회, 환경노동위원회, 국회운영위원회, 예산결산특별위원회, 국무총리후보자(한덕수)에 관한 인사청문특별위원회, 보건복지위원회, 연금개혁특별위원회, 대법원장(조희대)임명동의에관한인사청문특별위원회","F",1970-09-06,1,687,91
"5KV96424",21,"강준현","康準鉉","KANG JUNHYEON","더불어민주당","더불어민주당","세종특별자치시을","constituency","국토교통위원회, 국회운영위원회, 예산결산특별위원회, 기획재정위원회","M",1964-08-19,1,976,62
"TRE2429O",21,"강훈식","姜勳植","KANG HOONSIK","더불어민주당","더불어민주당","충남 아산시을","constituency","산업통상자원중소벤처기업위원회, 보건복지위원회, 예산결산특별위원회, 정무위원회","M",1973-10-24,2,768,71
"WCD5518S",21,"고민정","高旼廷","KO MINJUNG","더불어민주당","더불어민주당","서울 광진구을","constituency","산업통상자원중소벤처기업위원회, 보건복지위원회, 예산결산특별위원회, 대법관(오경미) 임명동의에 관한 인사청문특별위원회, 국회운영위원회, 과학기술정보방송통신위원회, 외교통일위원회","F",1979-08-23,1,401,44
"4XG1439M",21,"고영인","高永寅","KO YOUNGIN","더불어민주당","더불어민주당","경기 안산시단원구갑","constituency","보건복지위원회, 예산결산특별위원회, 연금개혁특별위원회, 국회운영위원회","M",1963-07-07,1,1206,88
"6V37131U",21,"고용진","高榕진","KOH YONGJIN","더불어민주당","더불어민주당","서울 노원구갑","constituency","기획재정위원회, 예산결산특별위원회","M",1964-08-06,2,910,64
"MHK9919B",21,"곽상도","郭尙道","KWAK SANGDO","국민의힘","미래통합당","대구 중구남구","constituency","교육위원회, 국회운영위원회, 예산결산특별위원회","M",1959-12-23,2,268,21
"7469929V",21,"구자근","具滋根","KOO JAKEUN","국민의힘","미래통합당","경북 구미시갑","constituency","산업통상자원중소벤처기업위원회, 감사원장(최재해) 임명동의에 관한 인사청문특별위원회, 첨단전략산업특별위원회","M",1967-10-09,1,1996,141
"E9R4507P",21,"권명호","權明浩","KWON MYUNGHO","국민의힘","미래통합당","울산 동구","constituency","국회운영위원회, 정무위원회, 산업통상자원중소벤처기업위원회, 예산결산특별위원회","M",1961-01-10,1,1748,111
"GDG1847Z",21,"권성동","權性東","KWEON SEONGDONG","국민의힘","무소속","강원 강릉시","constituency","농림축산식품해양수산위원회, 환경노동위원회, 법제사법위원회, 예산결산특별위원회, 기획재정위원회, 국회운영위원회, 정보위원회, 외교통일위원회, 과학기술정보방송통신위원회, 행정안전위원회, 대법원장(이균용)임명동의에관한인사청문특별위원회","M",1960-04-29,4,796,40
"LG63087O",21,"권영세","權寧世","KWON YOUNGSE","국민의힘","미래통합당","서울 용산구","constituency","외교통일위원회, 예산결산특별위원회, 행정안전위원회, 환경노동위원회, 기획재정위원회, 보건복지위원회, 국토교통위원회","M",1959-02-24,4,494,34
"YKW37422",21,"권은희","權垠希","KWON EUNHEE","국민의당","국민의당","비례대표","proportional","정무위원회, 대법관(천대엽) 임명동의에 관한 인사청문특별위원회, 교육위원회","F",1974-02-15,3,259,24
"3TO11703",21,"권인숙","權仁淑","KWON INSOOK","더불어민주당","더불어시민당","비례대표","proportional","교육위원회, 여성가족위원회, 대법관(이흥구) 임명동의에 관한 인사청문특별위원회, 국방위원회, 법제사법위원회, 행정안전위원회","F",1964-08-28,1,977,108
"C7E79345",21,"권칠승","權七勝","KWON CHILSEUNG","더불어민주당","더불어민주당","경기 화성시병","constituency","보건복지위원회, 대법관(이흥구) 임명동의에 관한 인사청문특별위원회, 기획재정위원회, 농림축산식품해양수산위원회, 법제사법위원회, 예산결산특별위원회, 대법관(오석준) 임명동의에 관한 인사청문특별위원회, 용산이태원참사진상규명과재발방지를위한국정조사특별위원회, 용산이태원참사진상규명을위한국정조사특별위원회","M",1965-11-18,2,856,96
"B7R2742J",21,"기동민","奇東旻","KI DONGMIN","더불어민주당","더불어민주당","서울 성북구을","constituency","기획재정위원회, 국방위원회, 보건복지위원회, 법제사법위원회, 예산결산특별위원회","M",1966-02-23,2,1282,78
"1BX7234U",21,"김경만","金京萬","KIM KYUNGMAN","더불어민주당","더불어시민당","비례대표","proportional","산업통상자원중소벤처기업위원회, 민생경제안정특별위원회, 예산결산특별위원회","M",1962-09-23,1,1525,99
"ZKU88693",21,"김경협","金炅俠","KIM KYUNGHYUP","더불어민주당","더불어민주당","경기 부천시갑","constituency","기획재정위원회, 정보위원회, 외교통일위원회","M",1962-11-07,3,738,72
"X1K3667J",21,"김교흥","金敎興","KIM KYOHEUNG","더불어민주당","더불어민주당","인천 서구갑","constituency","국토교통위원회, 중앙선거관리위원회위원(남래진)선출에관한인사청문특별위원회, 행정안전위원회, 용산이태원참사진상규명과재발방지를위한국정조사특별위원회, 용산이태원참사진상규명을위한국정조사특별위원회","M",1960-08-30,2,823,73
"C835799S",21,"김근태","金僅泰","KIM KUNTAE","국민의힘","국민의힘","비례대표","proportional","교육위원회","M",1990-11-25,1,20,3
"X7I4680R",21,"김기현","金起炫","KIM GIHYEON","국민의힘","미래통합당","울산 남구을","constituency","산업통상자원중소벤처기업위원회, 예산결산특별위원회, 외교통일위원회, 대법관(이흥구) 임명동의에 관한 인사청문특별위원회, 정보위원회, 국회운영위원회, 정무위원회, 국방위원회, 행정안전위원회","M",1959-02-21,4,602,44
"QHL3248U",21,"김남국","金南局","KIM NAMKUK","더불어민주당","더불어민주당","경기 안산시단원구을","constituency","법제사법위원회, 대법관(천대엽) 임명동의에 관한 인사청문특별위원회, 예산결산특별위원회, 감사원장(최재해) 임명동의에 관한 인사청문특별위원회, 문화체육관광위원회, 교육위원회","M",1982-10-22,1,1167,75
"LH97552Q",21,"김도읍","金度邑","KIM DOEUP","국민의힘","미래통합당","부산 북구강서구을","constituency","법제사법위원회, 국회운영위원회, 국무총리(김부겸) 임명동의에 관한 인사청문특별위원회, 행정안전위원회, 대법원장(조희대)임명동의에관한인사청문특별위원회","M",1964-07-06,3,811,164
"CI15627C",21,"김두관","金斗官","KIM DUKWAN","더불어민주당","더불어민주당","경남 양산시을","constituency","기획재정위원회, 국토교통위원회, 예산결산특별위원회, 첨단전략산업특별위원회","M",1959-04-10,2,1034,66
"3BC6890E",21,"김미애","金美愛","KIM MIAE","국민의힘","미래통합당","부산 해운대구을","constituency","국토교통위원회, 예산결산특별위원회, 보건복지위원회, 여성가족위원회, 윤리특별위원회, 국무총리후보자(한덕수)에 관한 인사청문특별위원회, 연금개혁특별위원회, 국회운영위원회, 기후위기특별위원회, 헌법재판소장(이종석)임명동의에관한인사청문특별위원회, 법제사법위원회","F",1969-10-06,1,585,93
"NTT8182Q",21,"김민기","金敏基","KIM MINKI","더불어민주당","더불어민주당","경기 용인시을","constituency","국방위원회, 정보위원회, 국토교통위원회","M",1966-04-28,3,759,71
"MLH1404S",21,"김민석","金民錫","KIM MINSEOK","더불어민주당","더불어민주당","서울 영등포구을","constituency","예산결산특별위원회, 행정안전위원회, 보건복지위원회, 연금개혁특별위원회","M",1964-05-29,3,918,86
"6399076T",21,"김민철","金敏徹","KIM MINCHUL","더불어민주당","더불어민주당","경기 의정부시을","constituency","행정안전위원회, 대법관(천대엽) 임명동의에 관한 인사청문특별위원회, 국회운영위원회, 교육위원회, 중앙선거관리위원회 위원(문상부) 선출에 관한 인사청문특별위원회, 정치개혁 특별위원회, 국토교통위원회, 예산결산특별위원회","M",1967-11-18,1,1615,69
"8Q88373R",21,"김병기","金炳基","KIM BYUNGKEE","더불어민주당","더불어민주당","서울 동작구갑","constituency","국방위원회, 정보위원회, 국토교통위원회, 환경노동위원회","M",1961-07-10,2,939,57
"KB04377U",21,"김병욱","金炳旭","KIM BYONGWOOK","국민의힘","미래통합당","경북 포항시남구울릉군","constituency","교육위원회, 여성가족위원회, 정치개혁 특별위원회, 윤리특별위원회, 예산결산특별위원회, 국회운영위원회, 과학기술정보방송통신위원회","M",1977-04-30,1,1510,72
"GFF1986K",21,"김병욱","金炳旭","KIM BYUNGWOOK","더불어민주당","더불어민주당","경기 성남시분당구을","constituency","정무위원회, 국토교통위원회, 예산결산특별위원회, 대법관(권영준·서경환) 임명동의에 관한 인사청문특별위원회, 대법관(권영준서경환)임명동의에관한인사청문특별위원회","M",1965-04-15,2,1294,101
"GF286398",21,"김병주","金柄周","KIM BYUNGJOO","더불어민주당","더불어시민당","비례대표","proportional","국방위원회, 국무총리(김부겸) 임명동의에 관한 인사청문특별위원회, 국회운영위원회, 예산결산특별위원회","M",1962-02-07,1,558,43
"1Y73132H",21,"김상훈","金相勳","KIM SANGHOON","국민의힘","미래통합당","대구 서구","constituency","과학기술정보방송통신위원회, 예산결산특별위원회, 국토교통위원회, 기획재정위원회, 정치개혁특별위원회, 국회운영위원회","M",1963-01-25,3,988,76
"UGH6481E",21,"김상희","金相姬","KIM SANGHEE","더불어민주당","더불어민주당","경기 부천시병","constituency","과학기술정보방송통신위원회, 외교통일위원회, 인구위기특별위원회","F",1954-05-18,4,792,99
"ZYP7962W",21,"김석기","金碩基","KIM SEOKKI","국민의힘","미래통합당","경북 경주시","constituency","문화체육관광위원회, 외교통일위원회","M",1954-08-06,2,1204,60
"JNL7001A",21,"김선교","金善敎","KIM SUNGYO","국민의힘","미래통합당","경기 여주시양평군","constituency","예산결산특별위원회, 환경노동위원회, 농림축산식품해양수산위원회, 윤리특별위원회, 국토교통위원회, 여성가족위원회","M",1960-09-18,1,1073,114
"9D939735",21,"김성원","金成願","KIM SUNGWON","국민의힘","미래통합당","경기 동두천시연천군","constituency","국회상임위원회 위원 정수에 관한 규칙 개정 특별위원회, 국회운영위원회, 환경노동위원회, 윤리특별위원회, 예산결산특별위원회, 정치개혁 특별위원회, 산업통상자원중소벤처기업위원회, 정치개혁특별위원회, 첨단전략산업특별위원회, 헌법재판소장(이종석)임명동의에관한인사청문특별위원회","M",1973-10-15,2,1667,193
"2UD1340H",21,"김성주","金成柱","KIM SUNGJOO","더불어민주당","더불어민주당","전북 전주시병","constituency","보건복지위원회, 정무위원회, 연금개혁특별위원회","M",1964-04-10,2,995,72
"XSP20229",21,"김성환","金星煥","KIM SUNGWHAN","더불어민주당","더불어민주당","서울 노원구병","constituency","산업통상자원중소벤처기업위원회, 국회운영위원회, 정무위원회, 민생경제안정특별위원회, 기후위기특별위원회","M",1965-10-15,2,689,28
"L7T64271",21,"김수흥","金洙興","KIM SOOHEUNG","더불어민주당","더불어민주당","전북 익산시갑","constituency","기획재정위원회, 국회운영위원회, 국토교통위원회, 첨단전략산업특별위원회, 예산결산특별위원회","M",1961-04-29,1,1158,96
"P2N4585G",21,"김승남","金承南","KIM SEUNGNAM","더불어민주당","더불어민주당","전남 고흥군보성군장흥군강진군","constituency","농림축산식품해양수산위원회, 정치개혁 특별위원회, 대법원장(이균용)임명동의에관한인사청문특별위원회","M",1965-10-06,2,1503,120
"5K93695T",21,"김승수","金承洙","KIM SEUNGSU","국민의힘","미래통합당","대구 북구을","constituency","국토교통위원회, 국회운영위원회, 문화체육관광위원회, 예산결산특별위원회, 언론·미디어 제도개선 특별위원회, 인구위기특별위원회, 대법관(권영준·서경환) 임명동의에 관한 인사청문특별위원회, 대법관(권영준서경환)임명동의에관한인사청문특별위원회","M",1965-07-05,1,1187,103
"ATB59635",21,"김승원","金勝源","KIM SEUNGWON","더불어민주당","더불어민주당","경기 수원시갑","constituency","문화체육관광위원회, 대법관(이흥구) 임명동의에 관한 인사청문특별위원회, 국회운영위원회, 법제사법위원회, 예산결산특별위원회, 언론·미디어 제도개선 특별위원회, 형사사법체계개혁특별위원회, 대법관(오석준) 임명동의에 관한 인사청문특별위원회, 대법관(신숙희·엄상필)임명동의에관한인사청문특별위원회","M",1969-07-08,1,1974,92
"B7D7534L",21,"김영배","金永培","KIM YOUNGBAE","더불어민주당","더불어민주당","서울 성북구갑","constituency","국회상임위원회 위원 정수에 관한 규칙 개정 특별위원회, 국회운영위원회, 행정안전위원회, 법제사법위원회, 대법관(오경미) 임명동의에 관한 인사청문특별위원회, 정치개혁 특별위원회, 국회 2030 부산세계박람회 유치지원 특별위원회, 문화체육관광위원회, 국방위원회, 예산결산특별위원회, 정치개혁특별위원회","M",1967-03-08,1,1446,88
"LBC8144B",21,"김영선","金映宣","KIM YOUNG SUN","국민의힘","국민의힘","경남 창원시의창구","constituency","기획재정위원회, 인구위기특별위원회","F",1960-05-16,5,299,34
"IOW1101J",21,"김영식","金英植","KIM YEUNGSHIK","국민의힘","미래통합당","경북 구미시을","constituency","교육위원회, 예산결산특별위원회, 과학기술정보방송통신위원회, 첨단전략산업특별위원회, 국회운영위원회","M",1959-07-18,1,1360,79
"0W194007",21,"김영주","金榮珠","KIM YOUNGJOO","더불어민주당","더불어민주당","서울 영등포구갑","constituency","외교통일위원회, 교육위원회, 과학기술정보방송통신위원회, 보건복지위원회","F",1955-07-27,4,674,107
"5765663F",21,"김영진","金榮鎭","KIM YOUNGJIN","더불어민주당","더불어민주당","경기 수원시병","constituency","국회상임위원회 위원 정수에 관한 규칙 개정 특별위원회, 국회운영위원회, 농림축산식품해양수산위원회, 기획재정위원회, 환경노동위원회","M",1967-09-10,2,625,74
"7BM2933Y",21,"김영호","金映豪","KIM YOUNGHO","더불어민주당","더불어민주당","서울 서대문구을","constituency","외교통일위원회, 교육위원회, 예산결산특별위원회","M",1967-09-13,2,811,64
"CNZ51556",21,"김예지","金睿智","KIM YEAJI","국민의힘","미래한국당","비례대표","proportional","문화체육관광위원회","F",1980-12-13,1,1617,170
"OFE45081",21,"김용민","金容民","KIM YONGMIN","더불어민주당","더불어민주당","경기 남양주시병","constituency","법제사법위원회, 대법관(이흥구) 임명동의에 관한 인사청문특별위원회, 국회운영위원회, 산업통상자원중소벤처기업위원회, 헌법재판소장(이종석)임명동의에관한인사청문특별위원회","M",1976-06-05,1,967,112
"SVH3899R",21,"김용판","金用判","KIM YONGPAN","국민의힘","미래통합당","대구 달서구병","constituency","행정안전위원회, 대법관(오경미) 임명동의에 관한 인사청문특별위원회, 예산결산특별위원회","M",1958-01-05,1,2302,132
"LQW3652K",21,"김웅","金雄","KIM WOONG","국민의힘","미래통합당","서울 송파구갑","constituency","법제사법위원회, 환경노동위원회, 행정안전위원회, 예산결산특별위원회, 헌법재판소장(이종석)임명동의에관한인사청문특별위원회","M",1970-05-05,1,248,11
"4L695580",21,"김원이","金元二","KIM WONI","더불어민주당","더불어민주당","전남 목포시","constituency","보건복지위원회, 예산결산특별위원회, 국회운영위원회, 대법관(오경미) 임명동의에 관한 인사청문특별위원회","M",1968-11-11,1,1001,100
"JZY9937U",21,"김윤덕","金潤德","KIM YUNDUK","더불어민주당","더불어민주당","전북 전주시갑","constituency","국토교통위원회, 국무총리(김부겸) 임명동의에 관한 인사청문특별위원회, 문화체육관광위원회","M",1966-05-23,2,1260,78
"L5P27909",21,"김은혜","金恩慧","KIM EUNHYE","국민의힘","미래통합당","경기 성남시분당구갑","constituency","과학기술정보방송통신위원회, 국회운영위원회, 국토교통위원회, 예산결산특별위원회","F",1971-01-06,1,257,21
"MSO2590I",21,"김은희","金恩希","KIM EUNHEE","국민의힘","국민의힘","비례대표","proportional","과학기술정보방송통신위원회","F",1991-06-10,1,43,12
"FIC9046Z",21,"김의겸","金宜謙","KIMEUIKYEOM","더불어민주당","열린민주당","비례대표","proportional","문화체육관광위원회, 언론·미디어 제도개선 특별위원회, 국무총리후보자(한덕수)에 관한 인사청문특별위원회, 법제사법위원회, 정보위원회, 대법관(오석준) 임명동의에 관한 인사청문특별위원회, 환경노동위원회","M",1963-05-22,1,617,24
"E1J8836Y",21,"김정재","金汀才","KIM JUNGJAE","국민의힘","미래통합당","경북 포항시북구","constituency","국토교통위원회, 국회운영위원회, 산업통상자원중소벤처기업위원회, 여성가족위원회, 중앙선거관리위원회 위원(문상부) 선출에 관한 인사청문특별위원회, 민생경제안정특별위원회, 예산결산특별위원회","F",1966-02-15,2,1135,106
"9LD2641Q",21,"김정호","金禎鎬","KIM JUNGHO","더불어민주당","더불어민주당","경남 김해시을","constituency","산업통상자원중소벤처기업위원회, 국회 2030 부산세계박람회 유치지원 특별위원회, 국회운영위원회, 기후위기특별위원회","M",1960-06-18,2,2765,132
"M2Q9024I",21,"김종민","金鍾民","KIM JONGMIN","더불어민주당","더불어민주당","충남 논산시계룡시금산군","constituency","법제사법위원회, 언론·미디어 제도개선 특별위원회, 국방위원회, 정무위원회","M",1964-05-12,2,833,46
"D6U6678O",21,"김주영","金周暎","KIM JUYOUNG","더불어민주당","더불어민주당","경기 김포시갑","constituency","기획재정위원회","M",1961-10-15,1,1384,112
"LNR7932L",21,"김진애","金鎭愛","KIM JINAI","열린민주당","열린민주당","비례대표","proportional","국회운영위원회, 법제사법위원회, 국토교통위원회","F",1953-02-16,2,155,6
"Q9H5708M",21,"김진표","金振杓","KIM JINPYO","더불어민주당","더불어민주당","경기 수원시무","constituency","국방위원회, 윤리특별위원회, 법제사법위원회","M",1947-05-04,5,652,39
"1MU99298",21,"김철민","金哲玟","KIM CHEOLMIN","더불어민주당","더불어민주당","경기 안산시상록구을","constituency","교육위원회, 예산결산특별위원회, 행정안전위원회, 윤리특별위원회, 정치개혁특별위원회","M",1957-02-15,2,1711,82
"1WE5693J",21,"김태년","金太年","KIM TAENYEON","더불어민주당","더불어민주당","경기 성남시수정구","constituency","국회운영위원회, 외교통일위원회, 정보위원회, 기획재정위원회, 정치개혁 특별위원회","M",1965-03-20,4,378,28
"P0F1530P",21,"김태호","金台鎬","KIM TAEHO","국민의힘","무소속","경남 산청군함양군거창군합천군","constituency","외교통일위원회","M",1962-08-21,3,614,22
"TVF3669B",21,"김태흠","金泰欽","KIM TAEHEUM","국민의힘","미래통합당","충남 보령시서천군","constituency","농림축산식품해양수산위원회, 국회운영위원회, 기획재정위원회","M",1963-01-11,3,426,21
"F5U2979W",21,"김학용","金學容","KIM HACKYONG","국민의힘","국민의힘","경기 안성시","constituency","국토교통위원회, 대법관(오석준) 임명동의에 관한 인사청문특별위원회","M",1961-12-10,4,533,28
"NUB4941Z",21,"김한규","金翰奎","KIM HANKYU","더불어민주당","더불어민주당","제주 제주시을","constituency","여성가족위원회, 예산결산특별위원회, 정무위원회, 인구위기특별위원회, 국회운영위원회","M",1974-07-01,1,391,42
"09I2323E",21,"김한정","金漢正","KIM HANJUNG","더불어민주당","더불어민주당","경기 남양주시을","constituency","예산결산특별위원회, 정무위원회, 산업통상자원중소벤처기업위원회, 첨단전략산업특별위원회","M",1963-09-06,2,234,30
"JEZ3130Q",21,"김형동","金亨東","KIM HYUNGDONG","국민의힘","미래통합당","경북 안동시예천군","constituency","농림축산식품해양수산위원회, 예산결산특별위원회, 행정안전위원회, 대법관(오경미) 임명동의에 관한 인사청문특별위원회, 중앙선거관리위원회 위원(문상부) 선출에 관한 인사청문특별위원회, 국회운영위원회, 법제사법위원회, 중앙선거관리위원회위원(남래진)선출에관한인사청문특별위원회, 환경노동위원회, 용산이태원참사진상규명과재발방지를위한국정조사특별위원회, 대법관(권영준·서경환) 임명동의에 관한 인사청문특별위원회, 대법관(권영준서경환)임명동의에관한인사청문특별위원회, 대법원장(이균용)임명동의에관한인사청문특별위원회, 대법원장(조희대)임명동의에관한인사청문특별위원회, 대법관(신숙희·엄상필)임명동의에관한인사청문특별위원회","M",1975-03-25,1,1174,69
"PO64874I",21,"김홍걸","金弘傑","KIM HONGGUL","무소속","더불어시민당","비례대표","proportional","외교통일위원회, 정보위원회","M",1963-11-12,1,1739,96
"M6H1705E",21,"김회재","金會在","KIM HOIJAE","더불어민주당","더불어민주당","전남 여수시을","constituency","국회상임위원회 위원 정수에 관한 규칙 개정 특별위원회, 국토교통위원회, 국회운영위원회, 대법관(이흥구) 임명동의에 관한 인사청문특별위원회, 언론·미디어 제도개선 특별위원회, 국무총리후보자(한덕수)에 관한 인사청문특별위원회, 산업통상자원중소벤처기업위원회, 윤리특별위원회, 예산결산특별위원회, 대법관(권영준·서경환) 임명동의에 관한 인사청문특별위원회, 대법관(권영준서경환)임명동의에관한인사청문특별위원회, 대법원장(이균용)임명동의에관한인사청문특별위원회","M",1962-11-24,1,859,96
"52P3934K",21,"김희곤","金熙坤","KIM HEEGON","국민의힘","미래통합당","부산 동래구","constituency","정무위원회, 윤리특별위원회, 예산결산특별위원회, 국회운영위원회","M",1964-12-17,1,1206,69
"6AR6743G",21,"김희국","金熙國","KIM HEEKUK","국민의힘","미래통합당","경북 군위군의성군청송군영덕군","constituency","보건복지위원회, 국토교통위원회","M",1958-10-20,2,522,34
"04T3751T",21,"남인순","南仁順","NAM INSOON","더불어민주당","더불어민주당","서울 송파구병","constituency","보건복지위원회, 국무총리후보자(한덕수)에 관한 인사청문특별위원회, 정치개혁특별위원회","F",1958-11-05,3,1175,83
"JVB6983V",21,"노용호","魯容昊","ROH YONGHO","국민의힘","국민의힘","비례대표","proportional","기획재정위원회, 산업통상자원중소벤처기업위원회, 윤리특별위원회, 여성가족위원회","M",1971-05-14,1,388,44
"0827740Q",21,"노웅래","盧雄來","NOH WOONGRAE","더불어민주당","더불어민주당","서울 마포구갑","constituency","정보위원회, 환경노동위원회, 대법관(천대엽) 임명동의에 관한 인사청문특별위원회","M",1957-08-03,4,945,108
"J2O8643H",21,"도종환","都鍾煥",NA,"더불어민주당","더불어민주당","충북 청주시흥덕구","constituency","문화체육관광위원회, 교육위원회, 예산결산특별위원회","M",1955-09-27,3,759,72
"8VY63414",21,"류성걸","柳性杰","YOO SUNGKULL","국민의힘","미래통합당","대구 동구갑","constituency","기획재정위원회, 예산결산특별위원회, 민생경제안정특별위원회","M",1957-07-12,2,627,87
"NCP9875N",21,"류호정","柳好貞","RYU HOJEONG","정의당","정의당","비례대표","proportional","산업통상자원중소벤처기업위원회, 윤리특별위원회, 감사원장(최재해) 임명동의에 관한 인사청문특별위원회, 문화체육관광위원회, 인구위기특별위원회","F",1992-08-09,1,809,60
"FJK3396E",21,"맹성규","孟聖奎","MAENG SUNGKYU","더불어민주당","더불어민주당","인천 남동구갑","constituency","농림축산식품해양수산위원회, 예산결산특별위원회, 국토교통위원회, 정치개혁특별위원회","M",1962-04-05,2,826,53
"GOC54665",21,"문정복","文貞福","MOON JEONGBOG","더불어민주당","더불어민주당","경기 시흥시갑","constituency","국토교통위원회, 국회운영위원회, 대법관(천대엽) 임명동의에 관한 인사청문특별위원회, 예산결산특별위원회, 교육위원회, 정치개혁특별위원회, 여성가족위원회","F",1967-01-10,1,753,33
"4U29186R",21,"문진석","文振碩","MOON JINSEOG","더불어민주당","더불어민주당","충남 천안시갑","constituency","국회상임위원회 위원 정수에 관한 규칙 개정 특별위원회, 국토교통위원회, 국회운영위원회, 예산결산특별위원회, 행정안전위원회, 정치개혁특별위원회","M",1962-02-12,1,1384,67
"TZ228122",21,"민병덕","閔炳德","MIN BYOUNGDUG","더불어민주당","더불어민주당","경기 안양시동안구갑","constituency","정무위원회, 국무총리(김부겸) 임명동의에 관한 인사청문특별위원회, 국회운영위원회, 산업통상자원중소벤처기업위원회, 예산결산특별위원회","M",1970-12-20,1,1745,56
"VRY5522V",21,"민형배","閔炯培","MIN HYUNGBAE","더불어민주당","더불어민주당","광주 광산구을","constituency","정무위원회, 행정안전위원회, 국회운영위원회, 법제사법위원회, 교육위원회, 첨단전략산업특별위원회, 과학기술정보방송통신위원회, 예산결산특별위원회, 대법관(권영준·서경환) 임명동의에 관한 인사청문특별위원회, 대법관(권영준서경환)임명동의에관한인사청문특별위원회","M",1961-06-15,1,2594,325
"O6D8329R",21,"민홍철","閔洪喆","MIN HONGCHUL","더불어민주당","더불어민주당","경남 김해시갑","constituency","국방위원회, 국토교통위원회, 인구위기특별위원회, 대법관(신숙희·엄상필)임명동의에관한인사청문특별위원회","M",1961-04-18,3,681,125
"K3W33496",21,"박광온","朴洸瑥","PARK KWANGON","더불어민주당","더불어민주당","경기 수원시정","constituency","과학기술정보방송통신위원회, 정무위원회, 법제사법위원회, 교육위원회, 국회운영위원회, 정보위원회, 기획재정위원회","M",1957-03-26,3,660,100
"B7H6207C",21,"박대수","朴大壽","PARK DAESOO","국민의힘","미래한국당","비례대표","proportional","환경노동위원회, 예산결산특별위원회","M",1960-08-30,1,2117,74
"W4X85128",21,"박대출","朴大出","PARK DAECHUL","국민의힘","미래통합당","경남 진주시갑","constituency","과학기술정보방송통신위원회, 국회운영위원회, 환경노동위원회, 기획재정위원회","M",1961-03-18,3,419,92
"N4R2421C",21,"박덕흠","朴德欽","PARK DUKHYUM","국민의힘","미래통합당","충북 보은군옥천군영동군괴산군","constituency","기획재정위원회, 예산결산특별위원회, 국토교통위원회, 환경노동위원회, 농림축산식품해양수산위원회, 정보위원회","M",1953-10-18,3,1691,61
"7R156073",21,"박범계","朴範界","PARK BEOMKYE","더불어민주당","더불어민주당","대전 서구을","constituency","법제사법위원회, 국방위원회, 환경노동위원회, 산업통상자원중소벤처기업위원회, 형사사법체계개혁특별위원회","M",1963-04-27,3,173,32
"BLC8630L",21,"박병석","朴炳錫","PARK BYEONGSEUG","더불어민주당","더불어민주당","대전 서구갑","constituency","외교통일위원회","M",1952-01-25,6,32,7
"HXT76735",21,"박상혁","朴商赫","PARK SANGHYUK","더불어민주당","더불어민주당","경기 김포시을","constituency","국토교통위원회, 국회운영위원회, 대법관(오경미) 임명동의에 관한 인사청문특별위원회, 예산결산특별위원회","M",1973-03-20,1,1992,131
"X3170462",21,"박성민","朴成敏","PARK SUNGMIN","국민의힘","미래통합당","울산 중구","constituency","예산결산특별위원회, 행정안전위원회, 국토교통위원회, 정치개혁 특별위원회, 용산이태원참사진상규명과재발방지를위한국정조사특별위원회","M",1959-04-19,1,1335,81
"IL74008M",21,"박성준","朴省俊","PARK SUNGJOON","더불어민주당","더불어민주당","서울 중구성동구을","constituency","국방위원회, 국회운영위원회, 법제사법위원회, 감사원장(최재해) 임명동의에 관한 인사청문특별위원회, 예산결산특별위원회, 기획재정위원회, 정무위원회","M",1969-04-23,1,1697,48
"DAN6731C",21,"박성중","朴成重","PARK SUNGJOONG","국민의힘","미래통합당","서울 서초구을","constituency","과학기술정보방송통신위원회, 언론·미디어 제도개선 특별위원회","M",1958-08-01,2,640,64
"FU87526G",21,"박수영","朴洙瑩","PARK SOOYOUNG","국민의힘","미래통합당","부산 남구갑","constituency","산업통상자원중소벤처기업위원회, 예산결산특별위원회, 행정안전위원회, 정무위원회, 국방위원회","M",1964-01-07,1,363,38
"40S1959J",21,"박영순","朴英淳","PARK YOUNGSOON","더불어민주당","더불어민주당","대전 대덕구","constituency","국토교통위원회, 국회운영위원회, 산업통상자원중소벤처기업위원회, 예산결산특별위원회","M",1964-12-07,1,1002,67
"D0C85236",21,"박완수","朴完洙","PARK WANSU","국민의힘","미래통합당","경남 창원시의창구","constituency","행정안전위원회, 중앙선거관리위원회 위원(조병현·조성대) 선출에 관한 인사청문특별위원회, 중앙선거관리위원회 위원(문상부) 선출에 관한 인사청문특별위원회","M",1955-08-26,2,265,53
"A3H7195R",21,"박완주","朴完柱","PARK WAN JOO","더불어민주당","더불어민주당","충남 천안시을","constituency","행정안전위원회, 중앙선거관리위원회 위원(조병현·조성대) 선출에 관한 인사청문특별위원회, 과학기술정보방송통신위원회","M",1966-11-10,3,457,58
"PEP6922S",21,"박용진","朴用鎭","PARK YONGJIN","더불어민주당","더불어민주당","서울 강북구을","constituency","예산결산특별위원회, 정무위원회, 법제사법위원회, 대법원장(이균용)임명동의에관한인사청문특별위원회","M",1971-04-17,2,716,82
"QUO78839",21,"박재호","朴在昊","PARK JAEHO","더불어민주당","더불어민주당","부산 남구을","constituency","행정안전위원회, 윤리특별위원회, 예산결산특별위원회, 국무총리(김부겸) 임명동의에 관한 인사청문특별위원회, 중앙선거관리위원회 위원(문상부) 선출에 관한 인사청문특별위원회, 국회 2030 부산세계박람회 유치지원 특별위원회, 정무위원회","M",1959-02-13,2,791,93
"4019850M",21,"박정","朴釘","PARK JEUNG","더불어민주당","더불어민주당","경기 파주시을","constituency","문화체육관광위원회, 예산결산특별위원회, 외교통일위원회, 환경노동위원회","M",1962-11-19,2,1454,83
"6RD62559",21,"박정하","朴正河","PARK JEONGHA","국민의힘","국민의힘","강원 원주시갑","constituency","국토교통위원회, 예산결산특별위원회, 정치개혁특별위원회","M",1966-09-26,1,342,18
"6AU2417B",21,"박주민","朴柱民","PARK JUMIN","더불어민주당","더불어민주당","서울 은평구갑","constituency","법제사법위원회, 감사원장(최재해) 임명동의에 관한 인사청문특별위원회, 형사사법체계개혁특별위원회, 기후위기특별위원회, 대법관(권영준·서경환) 임명동의에 관한 인사청문특별위원회, 대법관(권영준서경환)임명동의에관한인사청문특별위원회, 국회운영위원회, 윤리특별위원회, 대법관(신숙희·엄상필)임명동의에관한인사청문특별위원회","M",1973-11-21,2,497,141
"QKO6165V",21,"박진","朴振","PARK JIN","국민의힘","미래통합당","서울 강남구을","constituency","외교통일위원회, 예산결산특별위원회, 기획재정위원회, 과학기술정보방송통신위원회, 국토교통위원회","M",1956-09-16,4,480,30
"BT62420K",21,"박찬대","朴贊大","PARK CHANDAE","더불어민주당","더불어민주당","인천 연수구갑","constituency","교육위원회, 국무총리(김부겸) 임명동의에 관한 인사청문특별위원회, 행정안전위원회, 국회운영위원회, 과학기술정보방송통신위원회, 예산결산특별위원회","M",1967-05-10,2,789,48
"6U243644",21,"박형수","朴亨修","PARK HYEUNGSOO","국민의힘","미래통합당","경북 영주시영양군봉화군울진군","constituency","법제사법위원회, 기획재정위원회, 예산결산특별위원회, 행정안전위원회, 국회운영위원회, 형사사법체계개혁특별위원회, 대법관(오석준) 임명동의에 관한 인사청문특별위원회, 용산이태원참사진상규명과재발방지를위한국정조사특별위원회, 헌법재판소장(이종석)임명동의에관한인사청문특별위원회","M",1965-10-20,1,370,40
"S824682L",21,"박홍근","朴洪根","PARK HONGKEUN","더불어민주당","더불어민주당","서울 중랑구을","constituency","기획재정위원회, 예산결산특별위원회, 정보위원회, 국회운영위원회, 외교통일위원회, 과학기술정보방송통신위원회","M",1969-10-08,3,1372,88
"QQP4727N",21,"배준영","裵俊英","BAE JUNEYOUNG","국민의힘","미래통합당","인천 중구강화군옹진군","constituency","국토교통위원회, 예산결산특별위원회, 교육위원회, 기획재정위원회, 연금개혁특별위원회, 정치개혁특별위원회","M",1970-10-21,1,794,71
"A2V51235",21,"배진교","裵晋敎","BAE JINGYO","정의당","정의당","비례대표","proportional","국회운영위원회, 정무위원회, 대법관(이흥구) 임명동의에 관한 인사청문특별위원회, 언론·미디어 제도개선 특별위원회, 국무총리후보자(한덕수)에 관한 인사청문특별위원회, 국방위원회, 예산결산특별위원회","M",1968-08-26,1,635,38
"4X525582",21,"배현진","裵賢鎭","BAE HYUNJIN","국민의힘","미래통합당","서울 송파구을","constituency","국회운영위원회, 문화체육관광위원회, 윤리특별위원회, 예산결산특별위원회, 연금개혁특별위원회","F",1983-11-06,1,368,40
"CAA7713A",21,"백종헌","白宗憲","BAEK JONGHEAN","국민의힘","미래통합당","부산 금정구","constituency","보건복지위원회, 윤리특별위원회, 예산결산특별위원회, 국회운영위원회","M",1962-12-23,1,1397,53
"HSS7466Y",21,"백혜련","白惠蓮","BACK HYERYUN","더불어민주당","더불어민주당","경기 수원시을","constituency","법제사법위원회, 예산결산특별위원회, 대법관(이흥구) 임명동의에 관한 인사청문특별위원회, 행정안전위원회, 중앙선거관리위원회 위원(문상부) 선출에 관한 인사청문특별위원회, 정무위원회","F",1967-02-17,2,677,136
"MO52543L",21,"변재일","卞在一","BYUN JAEILL","더불어민주당","더불어민주당","충북 청주시청원구","constituency","과학기술정보방송통신위원회, 예산결산특별위원회, 윤리특별위원회","M",1948-09-02,5,536,47
"0PK7354M",21,"서동용","徐東榕","SEO DONGYONG","더불어민주당","더불어민주당","전남 순천시광양시곡성군구례군을","constituency","교육위원회, 예산결산특별위원회, 첨단전략산업특별위원회, 국회운영위원회, 과학기술정보방송통신위원회, 대법원장(이균용)임명동의에관한인사청문특별위원회","M",1964-09-02,1,1199,86
"L7J93733",21,"서범수","徐範洙","SUH BUMSOO","국민의힘","미래통합당","울산 울주군","constituency","국토교통위원회, 행정안전위원회, 중앙선거관리위원회 위원(조병현·조성대) 선출에 관한 인사청문특별위원회, 중앙선거관리위원회위원(남래진)선출에관한인사청문특별위원회, 예산결산특별위원회, 형사사법체계개혁특별위원회, 국회운영위원회, 헌법재판소장(이종석)임명동의에관한인사청문특별위원회","M",1963-09-17,1,706,66
"CT85313K",21,"서병수","徐秉洙","SUH BYUNGSOO","국민의힘","미래통합당","부산 진구갑","constituency","기획재정위원회, 예산결산특별위원회, 국무총리(김부겸) 임명동의에 관한 인사청문특별위원회, 국회 2030 부산세계박람회 유치지원 특별위원회, 교육위원회","M",1952-01-09,5,941,65
"FOK3459D",21,"서삼석","徐參錫","SEO SAMSEOK","더불어민주당","더불어민주당","전남 영암군무안군신안군","constituency","농림축산식품해양수산위원회, 기후위기특별위원회, 예산결산특별위원회","M",1959-08-03,2,1064,113
"TKJ4800F",21,"서영교","徐瑛敎","SEO YOUNGKYO","더불어민주당","더불어민주당","서울 중랑구갑","constituency","행정안전위원회, 국무총리(김부겸) 임명동의에 관한 인사청문특별위원회, 중앙선거관리위원회 위원(문상부) 선출에 관한 인사청문특별위원회, 기획재정위원회, 대법원장(조희대)임명동의에관한인사청문특별위원회","F",1964-11-11,3,1496,170
"XR24352K",21,"서영석","徐暎錫","SEO YOUNGSEOK","더불어민주당","더불어민주당","경기 부천시정","constituency","보건복지위원회, 예산결산특별위원회","M",1964-09-16,1,1346,85
"MR210505",21,"서일준","徐一俊","SEO ILJUN","국민의힘","미래통합당","경남 거제시","constituency","국토교통위원회, 기획재정위원회, 예산결산특별위원회, 감사원장(최재해) 임명동의에 관한 인사청문특별위원회, 국회운영위원회","M",1965-05-10,1,1512,120
"WFU14784",21,"서정숙","徐正淑","SUH JUNGSOOK","국민의힘","미래한국당","비례대표","proportional","보건복지위원회, 여성가족위원회, 예산결산특별위원회, 인구위기특별위원회, 국회운영위원회","F",1953-02-18,1,587,48
"OW53107J",21,"설훈","薛勳","SUL HOON","더불어민주당","더불어민주당","경기 부천시을","constituency","국방위원회","M",1953-04-23,5,496,57
"7XY7109I",21,"성일종","成一鍾","SUNG ILJONG","국민의힘","미래통합당","충남 서산시태안군","constituency","국토교통위원회, 예산결산특별위원회, 정무위원회, 국방위원회, 국회운영위원회, 국무총리후보자(한덕수)에 관한 인사청문특별위원회","M",1963-03-19,2,1401,87
"17M85910",21,"소병철","蘇秉哲","SO BYUNGCHUL","더불어민주당","더불어민주당","전남 순천시광양시곡성군구례군갑","constituency","법제사법위원회, 대법관(천대엽) 임명동의에 관한 인사청문특별위원회, 감사원장(최재해) 임명동의에 관한 인사청문특별위원회, 정무위원회, 정보위원회","M",1958-02-15,1,572,99
"ZDR63255",21,"소병훈","蘇秉勳","SO BYUNGHOON","더불어민주당","더불어민주당","경기 광주시갑","constituency","국토교통위원회, 국회운영위원회, 농림축산식품해양수산위원회","M",1954-06-03,2,1024,108
"RD42006Y",21,"송갑석","宋甲錫","SONG GABSEOK","더불어민주당","더불어민주당","광주 서구갑","constituency","산업통상자원중소벤처기업위원회, 국방위원회","M",1966-10-10,2,1789,99
"SQ36001H",21,"송기헌","宋基憲","SONG KIHUN","더불어민주당","더불어민주당","강원 원주시을","constituency","법제사법위원회, 대법관(천대엽) 임명동의에 관한 인사청문특별위원회, 교육위원회, 언론·미디어 제도개선 특별위원회, 산업통상자원중소벤처기업위원회, 예산결산특별위원회, 형사사법체계개혁특별위원회, 국회운영위원회, 윤리특별위원회, 과학기술정보방송통신위원회, 헌법재판소장(이종석)임명동의에관한인사청문특별위원회","M",1963-10-02,2,482,85
"CNW5754J",21,"송석준","宋錫俊","SONG SEOGJUN","국민의힘","미래통합당","경기 이천시","constituency","보건복지위원회, 국토교통위원회, 정무위원회, 예산결산특별위원회","M",1964-03-10,2,643,61
"6EN68926",21,"송언석","宋彦錫","SONG EONSEOG","국민의힘","미래통합당","경북 김천시","constituency","기획재정위원회, 국토교통위원회, 국회운영위원회, 윤리특별위원회, 예산결산특별위원회, 정보위원회","M",1963-05-16,2,821,88
"PAO22428",21,"송영길","宋永吉","SONG YOUNGGIL","더불어민주당","더불어민주당","인천 계양구을","constituency","외교통일위원회","M",1963-03-21,5,542,16
"3249208I",21,"송옥주","宋玉珠","SONG OKJOO","더불어민주당","더불어민주당","경기 화성시갑","constituency","보건복지위원회, 예산결산특별위원회, 환경노동위원회, 여성가족위원회, 국방위원회, 연금개혁특별위원회, 윤리특별위원회","F",1965-12-20,2,1435,158
"LM13674V",21,"송재호","宋在祜","SONG JAEHO","더불어민주당","더불어민주당","제주 제주시갑","constituency","정무위원회, 예산결산특별위원회, 중앙선거관리위원회위원(남래진)선출에관한인사청문특별위원회, 행정안전위원회, 인구위기특별위원회","M",1960-12-20,1,1345,122
"G1570880",21,"신동근","申東根",NA,"더불어민주당","더불어민주당","인천 서구을","constituency","법제사법위원회, 여성가족위원회, 대법관(천대엽) 임명동의에 관한 인사청문특별위원회, 산업통상자원중소벤처기업위원회, 국토교통위원회, 국무총리후보자(한덕수)에 관한 인사청문특별위원회, 기획재정위원회, 보건복지위원회, 예산결산특별위원회","M",1961-12-22,2,931,69
"AFH96856",21,"신영대","申榮大","SHIN YEONGDAE","더불어민주당","더불어민주당","전북 군산시","constituency","국회운영위원회, 산업통상자원중소벤처기업위원회, 예산결산특별위원회, 언론·미디어 제도개선 특별위원회, 첨단전략산업특별위원회","M",1968-01-15,1,748,93
"SRP7336N",21,"신원식","申源湜",NA,"국민의힘","미래한국당","비례대표","proportional","국방위원회, 국회운영위원회, 정보위원회","M",1958-07-24,1,525,26
"M7O7878U",21,"신정훈","辛正勳","SHIN JEONGHOON","더불어민주당","더불어민주당","전남 나주시화순군","constituency","산업통상자원중소벤처기업위원회, 예산결산특별위원회, 국회운영위원회, 농림축산식품해양수산위원회, 정치개혁특별위원회","M",1964-12-06,2,2396,84
"F5Y4026Q",21,"신현영","申賢榮","SHIN HYUNYOUNG","더불어민주당","더불어시민당","비례대표","proportional","국회운영위원회, 보건복지위원회, 행정안전위원회, 예산결산특별위원회, 용산이태원참사진상규명과재발방지를위한국정조사특별위원회, 용산이태원참사진상규명을위한국정조사특별위원회, 여성가족위원회, 대법관(신숙희·엄상필)임명동의에관한인사청문특별위원회","F",1980-11-17,1,563,111
"SU53086M",21,"심상정","沈相정","SIM SANGJEUNG","정의당","정의당","경기 고양시갑","constituency","국토교통위원회, 정치개혁특별위원회, 대법원장(이균용)임명동의에관한인사청문특별위원회","F",1959-02-20,4,663,63
"TST4507I",21,"안규백","安圭伯","AHN GYUBACK","더불어민주당","더불어민주당","서울 동대문구갑","constituency","국방위원회","M",1961-04-29,4,1013,68
"ZA54991S",21,"안민석","安敏錫","AN MINSUK","더불어민주당","더불어민주당","경기 오산시","constituency","외교통일위원회, 교육위원회","M",1966-08-13,5,933,73
"6MO8786S",21,"안병길","安炳吉","AN BYUNGGIL","국민의힘","미래통합당","부산 서구동구","constituency","농림축산식품해양수산위원회, 언론·미디어 제도개선 특별위원회, 국회 2030 부산세계박람회 유치지원 특별위원회, 예산결산특별위원회, 기후위기특별위원회, 정치개혁특별위원회","M",1962-02-02,1,987,123
"YOG1280B",21,"안철수","安哲秀","AHN CHEOLSOO","국민의힘","국민의힘","경기 성남시분당구갑","constituency","외교통일위원회, 첨단전략산업특별위원회","M",1962-01-22,3,186,13
"XEF29171",21,"안호영","安浩永","AN HOYOUNG","더불어민주당","더불어민주당","전북 완주군진안군무주군장수군","constituency","환경노동위원회, 농림축산식품해양수산위원회, 대법관(오석준) 임명동의에 관한 인사청문특별위원회, 기후위기특별위원회","M",1965-10-11,2,1105,83
"DV77269P",21,"양경규","梁暻圭","YANG KYUNG KYOO","녹색정의당","정의당","비례대표","proportional","환경노동위원회","M",1959-07-09,1,24,6
"9V18755A",21,"양경숙","梁敬淑","YANG KYUNGSOOK","더불어민주당","더불어시민당","비례대표","proportional","기획재정위원회, 여성가족위원회, 중앙선거관리위원회 위원(조병현·조성대) 선출에 관한 인사청문특별위원회, 예산결산특별위원회, 국회운영위원회","F",1962-09-06,1,1251,110
"VG24001G",21,"양금희","梁琴喜","YANG KUMHEE","국민의힘","미래통합당","대구 북구갑","constituency","교육위원회, 여성가족위원회, 산업통상자원중소벤처기업위원회, 대법관(오경미) 임명동의에 관한 인사청문특별위원회, 국회 2030 부산세계박람회 유치지원 특별위원회, 기획재정위원회, 국회운영위원회, 예산결산특별위원회, 첨단전략산업특별위원회","F",1961-11-15,1,1254,77
"KUO3574J",21,"양기대","梁基大","YANG KIDAE","더불어민주당","더불어민주당","경기 광명시을","constituency","예산결산특별위원회, 행정안전위원회, 중앙선거관리위원회 위원(조병현·조성대) 선출에 관한 인사청문특별위원회, 중앙선거관리위원회 위원(문상부) 선출에 관한 인사청문특별위원회, 기획재정위원회, 인구위기특별위원회","M",1962-10-12,1,843,52
"7O71647Z",21,"양이원영","梁李媛瑛","YANG YIWONYOUNG","더불어민주당","더불어시민당","비례대표","proportional","예산결산특별위원회, 환경노동위원회, 산업통상자원중소벤처기업위원회, 여성가족위원회, 감사원장(최재해) 임명동의에 관한 인사청문특별위원회, 국회 2030 부산세계박람회 유치지원 특별위원회, 대법관(오석준) 임명동의에 관한 인사청문특별위원회, 기후위기특별위원회","F",1971-05-14,1,1037,59
"PZA4062H",21,"양정숙","梁貞淑","YANG JUNGSUK","무소속","더불어시민당","비례대표","proportional","과학기술정보방송통신위원회, 예산결산특별위원회, 정무위원회, 헌법재판소장(이종석)임명동의에관한인사청문특별위원회, 대법관(신숙희·엄상필)임명동의에관한인사청문특별위원회","F",1965-03-12,1,2959,163
"WHV3448W",21,"양향자","梁香子","YANG HYANGJA","무소속","더불어민주당","광주 서구을","constituency","기획재정위원회, 예산결산특별위원회, 법제사법위원회, 산업통상자원중소벤처기업위원회, 첨단전략산업특별위원회","F",1967-04-04,1,836,46
"8FB1535Y",21,"어기구","魚基龜","EOH KIYKU","더불어민주당","더불어민주당","충남 당진시","constituency","농림축산식품해양수산위원회, 국회운영위원회, 예산결산특별위원회","M",1963-01-10,2,821,81
"8348421R",21,"엄태영","嚴泰永","EOM TAEYOUNG","국민의힘","미래통합당","충북 제천시단양군","constituency","산업통상자원중소벤처기업위원회, 국회운영위원회, 예산결산특별위원회, 국토교통위원회, 윤리특별위원회","M",1958-01-22,1,868,59
"OIA3741M",21,"오기형","吳奇炯","OH GIHYOUNG","더불어민주당","더불어민주당","서울 도봉구을","constituency","예산결산특별위원회, 정무위원회, 국무총리(김부겸) 임명동의에 관한 인사청문특별위원회, 민생경제안정특별위원회, 국회운영위원회, 대법원장(조희대)임명동의에관한인사청문특별위원회","M",1966-11-25,1,246,23
"MY318392",21,"오영환","吳永煥",NA,"더불어민주당","더불어민주당","경기 의정부시갑","constituency","행정안전위원회, 예산결산특별위원회, 중앙선거관리위원회 위원(문상부) 선출에 관한 인사청문특별위원회, 국회운영위원회, 용산이태원참사진상규명과재발방지를위한국정조사특별위원회","M",1988-02-10,1,3024,66
"21N57758",21,"오영훈","吳怜勳","OH YOUNGHUN","더불어민주당","더불어민주당","제주 제주시을","constituency","행정안전위원회, 중앙선거관리위원회 위원(문상부) 선출에 관한 인사청문특별위원회","M",1968-12-14,2,400,41
"GE71932C",21,"용혜인","龍慧仁","YONG HYEIN","기본소득당","더불어시민당","비례대표","proportional","기획재정위원회, 중앙선거관리위원회위원(남래진)선출에관한인사청문특별위원회, 민생경제안정특별위원회, 여성가족위원회, 행정안전위원회, 용산이태원참사진상규명과재발방지를위한국정조사특별위원회, 용산이태원참사진상규명을위한국정조사특별위원회","F",1990-04-12,1,783,37
"V0O5343U",21,"우상호","禹相虎","WOO SANGHO","더불어민주당","더불어민주당","서울 서대문구갑","constituency","과학기술정보방송통신위원회, 대법관(이흥구) 임명동의에 관한 인사청문특별위원회, 국방위원회, 외교통일위원회, 용산이태원참사진상규명과재발방지를위한국정조사특별위원회, 용산이태원참사진상규명을위한국정조사특별위원회","M",1962-12-12,4,157,32
"F0I5053J",21,"우신구","禹信九","WOO SHINKU","국민의힘","국민의힘","비례대표","proportional","국방위원회","M",1950-10-01,1,38,4
"XBT9550Q",21,"우원식","禹元植","WOO WONSHIK","더불어민주당","더불어민주당","서울 노원구을","constituency","기획재정위원회, 예산결산특별위원회, 환경노동위원회","M",1957-09-18,4,793,70
"RQQ3807K",21,"위성곤","魏聖坤","WI SEONGGON","더불어민주당","더불어민주당","제주 서귀포시","constituency","농림축산식품해양수산위원회, 예산결산특별위원회, 여성가족위원회, 기후위기특별위원회","M",1968-01-20,2,1651,125
"9L57027L",21,"유경준","兪京濬","YOO GYEONGJOON","국민의힘","미래통합당","서울 강남구병","constituency","기획재정위원회, 국회 2030 부산세계박람회 유치지원 특별위원회, 국토교통위원회, 인구위기특별위원회, 연금개혁특별위원회","M",1961-06-17,1,975,67
"8FC9697X",21,"유기홍","柳基洪","YOO KIHONG","더불어민주당","더불어민주당","서울 관악구갑","constituency","교육위원회, 정보위원회, 외교통일위원회, 감사원장(최재해) 임명동의에 관한 인사청문특별위원회, 예산결산특별위원회","M",1958-06-11,3,409,56
"GX38539O",21,"유동수","柳東秀","YOO DONGSOO","더불어민주당","더불어민주당","인천 계양구갑","constituency","정무위원회, 예산결산특별위원회, 기획재정위원회","M",1961-09-18,2,765,63
"MU69217P",21,"유상범","劉相凡","YOO SANGBUM","국민의힘","미래통합당","강원 홍천군횡성군영월군평창군","constituency","국회상임위원회 위원 정수에 관한 규칙 개정 특별위원회, 법제사법위원회, 국회운영위원회, 예산결산특별위원회, 대법관(이흥구) 임명동의에 관한 인사청문특별위원회, 윤리특별위원회, 대법관(천대엽) 임명동의에 관한 인사청문특별위원회, 대법관(오경미) 임명동의에 관한 인사청문특별위원회, 정보위원회, 형사사법체계개혁특별위원회, 대법원장(조희대)임명동의에관한인사청문특별위원회, 대법관(신숙희·엄상필)임명동의에관한인사청문특별위원회","M",1966-06-04,1,534,31
"MRK4871S",21,"유의동","兪義東","YU EUIDONG","국민의힘","미래통합당","경기 평택시을","constituency","기획재정위원회, 정무위원회, 첨단전략산업특별위원회","M",1971-06-23,3,535,59
"0WL9321T",21,"유정주","兪訂炷","YOO JUNGJU","더불어민주당","더불어시민당","비례대표","proportional","문화체육관광위원회, 여성가족위원회, 예산결산특별위원회, 국회운영위원회","F",1975-12-13,1,1766,60
"GP07421U",21,"윤건영","尹建永","YOUN KUNYOUNG","더불어민주당","더불어민주당","서울 구로구을","constituency","외교통일위원회, 국회운영위원회, 정보위원회, 예산결산특별위원회, 환경노동위원회, 용산이태원참사진상규명과재발방지를위한국정조사특별위원회, 용산이태원참사진상규명을위한국정조사특별위원회","M",1969-09-26,1,657,30
"JMY9959W",21,"윤관석","尹官石","YOUN KWANSUK","더불어민주당","더불어민주당","인천 남동구을","constituency","정무위원회, 산업통상자원중소벤처기업위원회","M",1960-08-17,3,723,34
"7JC3239L",21,"윤두현","尹斗鉉","YOON DOOHYUN","국민의힘","미래통합당","경북 경산시","constituency","산업통상자원중소벤처기업위원회, 정무위원회, 예산결산특별위원회, 언론·미디어 제도개선 특별위원회, 국회운영위원회, 과학기술정보방송통신위원회, 대법관(오석준) 임명동의에 관한 인사청문특별위원회","M",1961-05-12,1,797,52
"KNM3215T",21,"윤미향","尹美香","YOUN MEEHYANG","무소속","더불어시민당","비례대표","proportional","교육위원회, 환경노동위원회, 농림축산식품해양수산위원회","F",1965-02-10,1,1452,115
"MSY7784L",21,"윤상현","尹相現","YOON SANGHYUN","국민의힘","무소속","인천 동구미추홀구을","constituency","문화체육관광위원회, 정무위원회, 외교통일위원회, 국방위원회","M",1962-12-01,4,390,56
"KFS1358P",21,"윤영덕","尹永德","YOON YOUNGDEOK","더불어민주당","더불어민주당","광주 동구남구갑","constituency","교육위원회, 중앙선거관리위원회 위원(조병현·조성대) 선출에 관한 인사청문특별위원회, 국회운영위원회, 행정안전위원회, 외교통일위원회, 예산결산특별위원회, 정무위원회, 기획재정위원회","M",1969-09-07,1,1341,70
"9VR65006",21,"윤영석","尹永碩","YOON YOUNGSEOK","국민의힘","미래통합당","경남 양산시갑","constituency","외교통일위원회, 산업통상자원중소벤처기업위원회, 예산결산특별위원회, 기획재정위원회, 첨단전략산업특별위원회","M",1964-10-07,3,626,56
"XWX1513T",21,"윤영찬","尹永燦","YOON YOUNGCHAN","더불어민주당","더불어민주당","경기 성남시중원구","constituency","과학기술정보방송통신위원회, 예산결산특별위원회","M",1964-08-05,1,552,39
"SE233396",21,"윤재갑","尹才鉀","YOON JAEKAB","더불어민주당","더불어민주당","전남 해남군완도군진도군","constituency","농림축산식품해양수산위원회, 예산결산특별위원회, 인구위기특별위원회, 국회운영위원회","M",1955-02-10,1,1645,112
"ZRF3039U",21,"윤재옥","尹在玉","YUN JAEOK","국민의힘","미래통합당","대구 달서구을","constituency","환경노동위원회, 정무위원회, 외교통일위원회, 정보위원회, 국회운영위원회, 국방위원회","M",1961-09-10,3,396,78
"ZDP5704Q",21,"윤주경","尹柱卿","YUN JUKEYNG","국민의힘","미래한국당","비례대표","proportional","정무위원회, 국방위원회, 예산결산특별위원회","F",1959-05-03,1,502,53
"JC14718Q",21,"윤준병","尹準炳","YOON JOONBYEONG","더불어민주당","더불어민주당","전북 정읍시고창군","constituency","예산결산특별위원회, 환경노동위원회, 농림축산식품해양수산위원회, 인구위기특별위원회, 국회운영위원회","M",1961-03-03,1,2223,281
"40E3739H",21,"윤창현","尹暢賢","YUN CHANGHYUN","국민의힘","미래한국당","비례대표","proportional","정무위원회, 민생경제안정특별위원회, 예산결산특별위원회, 연금개혁특별위원회","M",1960-07-28,1,1222,81
"8X15119P",21,"윤한홍","尹漢洪","YOON HANHONG","국민의힘","미래통합당","경남 창원시마산회원구","constituency","정무위원회, 법제사법위원회, 대법관(오경미) 임명동의에 관한 인사청문특별위원회, 국방위원회","M",1962-11-01,2,659,40
"M0A1658U",21,"윤호중","尹昊重","YUN HOJUNG","더불어민주당","더불어민주당","경기 구리시","constituency","법제사법위원회, 정보위원회, 국회운영위원회, 국방위원회, 외교통일위원회, 헌법재판소장(이종석)임명동의에관한인사청문특별위원회","M",1963-03-27,4,311,35
"O7R5461J",21,"윤후덕","尹厚德","YOON HUDUK","더불어민주당","더불어민주당","경기 파주시갑","constituency","기획재정위원회, 국방위원회","M",1957-01-09,3,1140,83
"IUL4848V",21,"윤희숙","尹喜淑","YUN HEESUK","국민의힘","미래통합당","서울 서초구갑","constituency","기획재정위원회, 예산결산특별위원회","F",1970-02-07,1,123,8
"I7R13867",21,"이개호","李介昊","LEE KAIHO","더불어민주당","더불어민주당","전남 담양군함평군영광군장성군","constituency","농림축산식품해양수산위원회, 정보위원회, 보건복지위원회, 문화체육관광위원회","M",1959-06-23,3,1049,73
"4A067125",21,"이광재","李光宰","LEE KWANGJAE","더불어민주당","더불어민주당","강원 원주시갑","constituency","기획재정위원회, 예산결산특별위원회, 외교통일위원회, 국회 2030 부산세계박람회 유치지원 특별위원회","M",1965-02-28,3,520,27
"AE685067",21,"이규민","李圭閔","LEE KYUMIN","더불어민주당","더불어민주당","경기 안성시","constituency","산업통상자원중소벤처기업위원회, 예산결산특별위원회","M",1968-05-10,1,1240,39
"0767470D",21,"이낙연","李洛淵","LEE NAKYON","더불어민주당","더불어민주당","서울 종로구","constituency","외교통일위원회","M",1952-12-20,5,89,10
"QUM8288K",21,"이달곤","李達坤","LEE DALGON","국민의힘","미래통합당","경남 창원시진해구","constituency","행정안전위원회, 문화체육관광위원회, 보건복지위원회, 농림축산식품해양수산위원회, 인구위기특별위원회, 예산결산특별위원회","M",1953-09-11,2,420,45
"RO593601",21,"이동주","李東洲","LEE DONGJU","더불어민주당","더불어시민당","비례대표","proportional","산업통상자원중소벤처기업위원회, 국회운영위원회, 민생경제안정특별위원회, 여성가족위원회","M",1972-09-04,1,1494,81
"OSV9142K",21,"이만희","李晩熙","LEE MANHEE","국민의힘","미래통합당","경북 영천시청도군","constituency","행정안전위원회, 농림축산식품해양수산위원회, 윤리특별위원회, 예산결산특별위원회, 중앙선거관리위원회위원(남래진)선출에관한인사청문특별위원회, 정치개혁특별위원회, 용산이태원참사진상규명과재발방지를위한국정조사특별위원회","M",1963-12-11,2,427,73
"6YT83269",21,"이명수","李明洙","LEE MYOUNGSU","국민의힘","미래통합당","충남 아산시갑","constituency","보건복지위원회, 행정안전위원회, 외교통일위원회","M",1955-02-11,4,1510,104
"HKJ99607",21,"이병훈","李炳勳","LEE BYUNGHOON","더불어민주당","더불어민주당","광주 동구남구을","constituency","문화체육관광위원회, 국회운영위원회, 예산결산특별위원회","M",1957-03-18,1,1722,139
"ZYH1940A",21,"이상민","李相珉","LEE SANGMIN","더불어민주당","더불어민주당","대전 유성구을","constituency","외교통일위원회, 대법관(권영준·서경환) 임명동의에 관한 인사청문특별위원회, 대법관(권영준서경환)임명동의에관한인사청문특별위원회","M",1958-01-22,5,266,32
"CFE3998F",21,"이상직","李相稷","LEE SANGJIK","더불어민주당","더불어민주당","전북 전주시을","constituency","문화체육관광위원회, 예산결산특별위원회, 국방위원회","M",1963-01-30,2,293,5
"WVU2479T",21,"이상헌","李相憲","LEE SANGHEON","더불어민주당","더불어민주당","울산 북구","constituency","문화체육관광위원회, 국회 2030 부산세계박람회 유치지원 특별위원회","M",1954-07-10,2,1510,108
"8KF7223D",21,"이성만","李成萬","LEE SUNGMAN","더불어민주당","더불어민주당","인천 부평구갑","constituency","국회운영위원회, 산업통상자원중소벤처기업위원회, 예산결산특별위원회, 행정안전위원회","M",1961-11-04,1,1675,93
"WTR5885Y",21,"이소영","李素永","LEE SOYOUNG","더불어민주당","더불어민주당","경기 의왕시과천시","constituency","국회상임위원회 위원 정수에 관한 규칙 개정 특별위원회, 국회운영위원회, 산업통상자원중소벤처기업위원회, 대법관(이흥구) 임명동의에 관한 인사청문특별위원회, 예산결산특별위원회, 환경노동위원회, 국토교통위원회, 여성가족위원회, 기후위기특별위원회, 과학기술정보방송통신위원회","F",1985-02-10,1,521,51
"0R68099X",21,"이수진","李壽珍","LEE SOOJIN","더불어민주당","더불어시민당","비례대표","proportional","여성가족위원회, 환경노동위원회, 국회운영위원회, 예산결산특별위원회, 민생경제안정특별위원회, 대법관(오석준) 임명동의에 관한 인사청문특별위원회, 헌법재판소장(이종석)임명동의에관한인사청문특별위원회","F",1969-05-14,1,1959,137
"D4L60530",21,"이수진","李秀眞","LEE SUJIN","더불어민주당","더불어민주당","서울 동작구을","constituency","산업통상자원중소벤처기업위원회, 여성가족위원회, 중앙선거관리위원회 위원(조병현·조성대) 선출에 관한 인사청문특별위원회, 국회운영위원회, 법제사법위원회, 문화체육관광위원회, 대법관(오경미) 임명동의에 관한 인사청문특별위원회, 기획재정위원회, 예산결산특별위원회, 윤리특별위원회, 기후위기특별위원회, 대법원장(이균용)임명동의에관한인사청문특별위원회","F",1969-11-03,1,1368,92
"S9U45255",21,"이양수","李亮壽","LEE YANGSOO","국민의힘","미래통합당","강원 속초시인제군고성군양양군","constituency","국토교통위원회, 국회운영위원회, 농림축산식품해양수산위원회, 여성가족위원회, 국무총리(김부겸) 임명동의에 관한 인사청문특별위원회, 정치개혁특별위원회, 윤리특별위원회","M",1967-08-15,2,500,48
"1X376850",21,"이영","李永","LEE YOUNG","국민의힘","미래한국당","비례대표","proportional","과학기술정보방송통신위원회, 여성가족위원회, 정무위원회, 행정안전위원회, 기획재정위원회, 대법관(오경미) 임명동의에 관한 인사청문특별위원회, 국회운영위원회, 중앙선거관리위원회 위원(문상부) 선출에 관한 인사청문특별위원회, 국무총리후보자(한덕수)에 관한 인사청문특별위원회","F",1969-06-06,1,425,39
"5UN9725L",21,"이용","李鏞","LEE YONG","국민의힘","미래한국당","비례대표","proportional","문화체육관광위원회, 국회운영위원회, 보건복지위원회, 예산결산특별위원회","M",1978-06-23,1,968,66
"GKD32201",21,"이용빈","李龍彬","LEE YONGBIN","더불어민주당","더불어민주당","광주 광산구갑","constituency","과학기술정보방송통신위원회, 국회운영위원회, 정무위원회, 산업통상자원중소벤처기업위원회, 기후위기특별위원회, 예산결산특별위원회","M",1964-12-15,1,2609,88
"9JF4562W",21,"이용선","李庸瑄","LEE YONGSUN","더불어민주당","더불어민주당","서울 양천구을","constituency","산업통상자원중소벤처기업위원회, 예산결산특별위원회, 외교통일위원회","M",1958-02-12,1,904,59
"G7512472",21,"이용우","李龍雨","LEE YONGWOO","더불어민주당","더불어민주당","경기 고양시정","constituency","정무위원회, 국회 2030 부산세계박람회 유치지원 특별위원회, 연금개혁특별위원회, 국회운영위원회, 예산결산특별위원회","M",1964-02-01,1,1009,138
"DBA1057Z",21,"이용호","李容鎬","LEE YONGHO","무소속","무소속","전북 남원시임실군순창군","constituency","보건복지위원회, 예산결산특별위원회, 문화체육관광위원회, 정치개혁특별위원회","M",1960-03-20,2,567,82
"16D7652C",21,"이원욱","李元旭","LEE WONWOOK","더불어민주당","더불어민주당","경기 화성시을","constituency","정무위원회, 과학기술정보방송통신위원회, 외교통일위원회, 정보위원회, 첨단전략산업특별위원회","M",1963-03-20,3,1053,83
"DAV7257X",21,"이원택","李源澤","LEE WONTAEG","더불어민주당","더불어민주당","전북 김제시부안군","constituency","농림축산식품해양수산위원회, 여성가족위원회, 국회운영위원회, 예산결산특별위원회, 인구위기특별위원회, 정치개혁특별위원회","M",1970-01-25,1,995,91
"W1Q6753M",21,"이은주","李恩周","LEE EUNJU","정의당","정의당","비례대표","proportional","예산결산특별위원회, 행정안전위원회, 국무총리(김부겸) 임명동의에 관한 인사청문특별위원회, 중앙선거관리위원회 위원(문상부) 선출에 관한 인사청문특별위원회, 정치개혁 특별위원회, 국회운영위원회, 환경노동위원회","F",1969-09-02,1,679,71
"DWK26447",21,"이인선","李仁善","LEE INSEON","국민의힘","국민의힘","대구 수성구을","constituency","산업통상자원중소벤처기업위원회, 예산결산특별위원회, 기후위기특별위원회, 국회운영위원회","F",1959-05-02,1,536,21
"3ZR4438W",21,"이인영","李仁榮","LEE INYOUNG","더불어민주당","더불어민주당","서울 구로구갑","constituency","외교통일위원회, 산업통상자원중소벤처기업위원회, 기획재정위원회, 국토교통위원회, 과학기술정보방송통신위원회, 정보위원회","M",1964-06-28,4,312,44
"SZ51175J",21,"이자스민","李자스민","LEE JASMINE","녹색정의당","정의당","비례대표","proportional","문화체육관광위원회","F",1977-01-06,2,20,5
"7I09543O",21,"이장섭","李將燮","LEE JANGSUB","더불어민주당","더불어민주당","충북 청주시서원구","constituency","산업통상자원중소벤처기업위원회, 예산결산특별위원회, 국회운영위원회, 윤리특별위원회","M",1963-05-14,1,936,64
"IUD9392R",21,"이재명","李在明","LEE JAEMYUNG","더불어민주당","더불어민주당","인천 계양구을","constituency","국방위원회","M",1964-12-22,1,31,6
"UQ282145",21,"이재정","李在汀","LEE JAE JUNG","더불어민주당","더불어민주당","경기 안양시동안구을","constituency","외교통일위원회, 윤리특별위원회, 산업통상자원중소벤처기업위원회","F",1974-08-02,2,425,55
"O0I2045I",21,"이정문","李楨文","LEE JUNGMUN","더불어민주당","더불어민주당","충남 천안시병","constituency","예산결산특별위원회, 정무위원회, 윤리특별위원회, 정치개혁 특별위원회, 과학기술정보방송통신위원회, 국회운영위원회, 대법원장(조희대)임명동의에관한인사청문특별위원회","M",1973-01-05,1,1382,119
"HSW1214Q",21,"이종배","李鍾培","LEE JONGBAE","국민의힘","미래통합당","충북 충주시","constituency","외교통일위원회, 예산결산특별위원회, 환경노동위원회, 국토교통위원회, 산업통상자원중소벤처기업위원회","M",1957-05-30,3,1293,149
"FDC3144T",21,"이종성","李鍾成","LEE JONGSEONG","국민의힘","미래한국당","비례대표","proportional","보건복지위원회, 예산결산특별위원회, 윤리특별위원회, 국회운영위원회, 인구위기특별위원회","M",1970-02-17,1,1688,211
"3RW63706",21,"이주환","李周桓","LEE JOOHWAN","국민의힘","미래통합당","부산 연제구","constituency","국회상임위원회 위원 정수에 관한 규칙 개정 특별위원회, 국회운영위원회, 정무위원회, 산업통상자원중소벤처기업위원회, 국회 2030 부산세계박람회 유치지원 특별위원회, 환경노동위원회, 예산결산특별위원회, 기후위기특별위원회","M",1967-08-20,1,1422,148
"WDS6044S",21,"이채익","李埰益","LEE CHEIK","국민의힘","미래통합당","울산 남구갑","constituency","산업통상자원중소벤처기업위원회, 국방위원회, 문화체육관광위원회, 행정안전위원회","M",1955-05-27,3,933,70
"TZP9391O",21,"이철규","李喆圭","LEE CHULGYU","국민의힘","미래통합당","강원 동해시태백시삼척시정선군","constituency","국방위원회, 예산결산특별위원회, 산업통상자원중소벤처기업위원회, 정보위원회","M",1957-09-20,2,584,50
"9S151177",21,"이탄희","李誕熙","LEE TAHNEY","더불어민주당","더불어민주당","경기 용인시정","constituency","환경노동위원회, 교육위원회, 법제사법위원회, 정치개혁 특별위원회, 여성가족위원회, 정치개혁특별위원회, 대법관(오석준) 임명동의에 관한 인사청문특별위원회, 헌법재판소장(이종석)임명동의에관한인사청문특별위원회, 대법관(신숙희·엄상필)임명동의에관한인사청문특별위원회, 행정안전위원회","M",1978-11-03,1,802,65
"QTW6852F",21,"이태규","李泰珪","LEE TAEKYU","국민의힘","국민의당","비례대표","proportional","외교통일위원회, 윤리특별위원회, 예산결산특별위원회, 교육위원회, 기후위기특별위원회","M",1964-03-22,2,546,72
"K5F2023J",21,"이학영","李學永","LEE HACKYOUNG","더불어민주당","더불어민주당","경기 군포시","constituency","산업통상자원중소벤처기업위원회, 민생경제안정특별위원회, 예산결산특별위원회, 환경노동위원회, 국토교통위원회","M",1952-04-16,3,1313,89
"CCU1009B",21,"이해식","李海植","LEE HAESIK","더불어민주당","더불어민주당","서울 강동구을","constituency","예산결산특별위원회, 행정안전위원회, 중앙선거관리위원회 위원(조병현·조성대) 선출에 관한 인사청문특별위원회, 중앙선거관리위원회 위원(문상부) 선출에 관한 인사청문특별위원회, 국무총리후보자(한덕수)에 관한 인사청문특별위원회, 중앙선거관리위원회위원(남래진)선출에관한인사청문특별위원회, 연금개혁특별위원회, 용산이태원참사진상규명과재발방지를위한국정조사특별위원회, 용산이태원참사진상규명을위한국정조사특별위원회, 정치개혁특별위원회","M",1963-11-13,1,993,116
"EVH1507C",21,"이헌승","李憲昇","LEE HUNSEUNG","국민의힘","미래통합당","부산 부산진구을","constituency","정무위원회, 국토교통위원회, 국회 2030 부산세계박람회 유치지원 특별위원회, 국방위원회","M",1963-05-11,3,972,91
"IOW8224X",21,"이형석","李炯錫","LEE HYUNGSEOK","더불어민주당","더불어민주당","광주 북구을","constituency","행정안전위원회, 감사원장(최재해) 임명동의에 관한 인사청문특별위원회, 교육위원회, 중앙선거관리위원회 위원(문상부) 선출에 관한 인사청문특별위원회, 중앙선거관리위원회위원(남래진)선출에관한인사청문특별위원회, 예산결산특별위원회","M",1961-10-05,1,1247,75
"UM51067K",21,"인재근","印在謹","IN JAEKEUN","더불어민주당","더불어민주당","서울 도봉구갑","constituency","보건복지위원회","F",1953-11-11,3,1381,80
"NLR6572J",21,"임병헌","林炳憲","LIM BYUNGHEON","국민의힘","무소속","대구 중구남구","constituency","과학기술정보방송통신위원회, 국방위원회, 윤리특별위원회, 예산결산특별위원회","M",1953-10-10,1,397,27
"4T026790",21,"임오경","林五卿","LIM OKYEONG","더불어민주당","더불어민주당","경기 광명시갑","constituency","문화체육관광위원회, 여성가족위원회, 국회운영위원회, 행정안전위원회, 예산결산특별위원회, 첨단전략산업특별위원회","F",1971-12-11,1,1095,127
"EH27538E",21,"임이자","林利子","LIM LEEJA","국민의힘","미래통합당","경북 상주시문경시","constituency","여성가족위원회, 환경노동위원회, 예산결산특별위원회, 국회운영위원회, 기후위기특별위원회","F",1964-03-05,2,1070,133
"E6U4345C",21,"임종성","林鍾聲","LIM JONGSEONG","더불어민주당","더불어민주당","경기 광주시을","constituency","예산결산특별위원회, 환경노동위원회, 보건복지위원회, 문화체육관광위원회","M",1965-08-05,2,1529,71
"FH777496",21,"임호선","林昊宣","LIM HOSEON","더불어민주당","더불어민주당","충북 증평군진천군음성군","constituency","예산결산특별위원회, 행정안전위원회, 중앙선거관리위원회 위원(조병현·조성대) 선출에 관한 인사청문특별위원회, 국회운영위원회, 중앙선거관리위원회 위원(문상부) 선출에 관한 인사청문특별위원회, 정보위원회, 형사사법체계개혁특별위원회","M",1964-09-27,1,2294,106
"RPN2293B",21,"장경태","張耿態","JANG KYUNGTAE","더불어민주당","더불어민주당","서울 동대문구을","constituency","국토교통위원회, 중앙선거관리위원회 위원(조병현·조성대) 선출에 관한 인사청문특별위원회, 여성가족위원회, 국회운영위원회, 기획재정위원회, 정치개혁 특별위원회, 과학기술정보방송통신위원회, 예산결산특별위원회","M",1983-10-12,1,1502,95
"KFM1081G",21,"장동혁","張東赫","JANG DONGHYEOK","국민의힘","국민의힘","충남 보령시서천군","constituency","민생경제안정특별위원회, 법제사법위원회, 예산결산특별위원회, 정치개혁특별위원회, 대법관(오석준) 임명동의에 관한 인사청문특별위원회, 국회운영위원회, 윤리특별위원회, 대법관(권영준·서경환) 임명동의에 관한 인사청문특별위원회, 대법관(권영준서경환)임명동의에관한인사청문특별위원회, 대법원장(이균용)임명동의에관한인사청문특별위원회","M",1969-06-02,1,355,29
"CZB4125D",21,"장제원","張濟元","CHANG JEWON","국민의힘","미래통합당","부산 사상구","constituency","법제사법위원회, 중앙선거관리위원회 위원(조병현·조성대) 선출에 관한 인사청문특별위원회, 행정안전위원회, 과학기술정보방송통신위원회","M",1967-04-13,3,254,53
"2NV6751W",21,"장철민","張喆敏","JANG CHULMIN","더불어민주당","더불어민주당","대전 동구","constituency","환경노동위원회, 예산결산특별위원회, 국토교통위원회, 국회운영위원회","M",1983-05-16,1,1283,77
"GAV6441G",21,"장혜영","張惠英","JANG HYEYEONG","정의당","정의당","비례대표","proportional","기획재정위원회, 대법관(오경미) 임명동의에 관한 인사청문특별위원회, 용산이태원참사진상규명과재발방지를위한국정조사특별위원회, 용산이태원참사진상규명을위한국정조사특별위원회, 기후위기특별위원회, 예산결산특별위원회, 대법관(권영준·서경환) 임명동의에 관한 인사청문특별위원회, 대법관(권영준서경환)임명동의에관한인사청문특별위원회","F",1987-04-08,1,589,45
"DPZ7685X",21,"전봉민","田奉珉","JEON BONGMIN","국민의힘","미래통합당","부산 수영구","constituency","보건복지위원회, 국회운영위원회, 중앙선거관리위원회위원(남래진)선출에관한인사청문특별위원회, 예산결산특별위원회, 행정안전위원회, 국회 2030 부산세계박람회 유치지원 특별위원회","M",1972-10-21,1,898,100
"TJW93720",21,"전용기","田溶冀","JEON YONGGI","더불어민주당","더불어시민당","비례대표","proportional","문화체육관광위원회, 국토교통위원회, 국회운영위원회, 언론·미디어 제도개선 특별위원회, 환경노동위원회, 예산결산특별위원회, 대법원장(조희대)임명동의에관한인사청문특별위원회, 법제사법위원회","M",1991-10-26,1,1454,121
"9YO73104",21,"전재수","田載秀","CHUN JAESOO","더불어민주당","더불어민주당","부산 북구강서구갑","constituency","정무위원회, 윤리특별위원회, 국회운영위원회, 예산결산특별위원회, 국회 2030 부산세계박람회 유치지원 특별위원회, 문화체육관광위원회, 정치개혁특별위원회","M",1971-04-20,2,848,84
"71J2365L",21,"전주혜","全珠惠","JUN JOOHYAE","국민의힘","미래한국당","비례대표","proportional","국회상임위원회 위원 정수에 관한 규칙 개정 특별위원회, 법제사법위원회, 여성가족위원회, 대법관(이흥구) 임명동의에 관한 인사청문특별위원회, 중앙선거관리위원회 위원(조병현·조성대) 선출에 관한 인사청문특별위원회, 대법관(천대엽) 임명동의에 관한 인사청문특별위원회, 윤리특별위원회, 국회운영위원회, 중앙선거관리위원회 위원(문상부) 선출에 관한 인사청문특별위원회, 정치개혁 특별위원회, 국무총리후보자(한덕수)에 관한 인사청문특별위원회, 형사사법체계개혁특별위원회, 용산이태원참사진상규명과재발방지를위한국정조사특별위원회, 예산결산특별위원회, 대법관(권영준·서경환) 임명동의에 관한 인사청문특별위원회, 대법원장(이균용)임명동의에관한인사청문특별위원회, 대법원장(조희대)임명동의에관한인사청문특별위원회, 보건복지위원회","F",1966-07-15,1,601,73
"BM63269Y",21,"전해철","全海澈","JEON HAECHEOL","더불어민주당","더불어민주당","경기 안산시상록구갑","constituency","외교통일위원회, 정보위원회, 기획재정위원회, 환경노동위원회","M",1962-05-18,3,344,49
"N9X9673B",21,"전혜숙","全惠淑","JUN HYESOOK","더불어민주당","더불어민주당","서울 광진구갑","constituency","과학기술정보방송통신위원회, 예산결산특별위원회, 언론·미디어 제도개선 특별위원회, 중앙선거관리위원회위원(남래진)선출에관한인사청문특별위원회, 문화체육관광위원회, 보건복지위원회, 인구위기특별위원회, 대법원장(이균용)임명동의에관한인사청문특별위원회","F",1955-05-05,3,1044,62
"USR7059P",21,"정경희","丁慶姬","Kyung Hee Chung","국민의힘","미래한국당","비례대표","proportional","교육위원회, 여성가족위원회, 국회운영위원회, 대법관(신숙희·엄상필)임명동의에관한인사청문특별위원회","F",1958-01-26,1,479,49
"DAY6557K",21,"정동만","鄭東萬","JEONG DONGMAN","국민의힘","미래통합당","부산 기장군","constituency","국토교통위원회, 대법관(천대엽) 임명동의에 관한 인사청문특별위원회, 예산결산특별위원회, 법제사법위원회","M",1965-07-18,1,846,61
"V429892C",21,"정성호","鄭成湖","JUNG SUNGHO","더불어민주당","더불어민주당","경기 양주시","constituency","기획재정위원회, 예산결산특별위원회, 외교통일위원회, 국방위원회, 형사사법체계개혁특별위원회, 대법원장(조희대)임명동의에관한인사청문특별위원회","M",1961-09-10,4,1099,63
"VHK3402G",21,"정우택","鄭宇澤","CHUNG WOOTAIK","국민의힘","국민의힘","충북 청주시상당구","constituency","산업통상자원중소벤처기업위원회, 행정안전위원회","M",1953-02-18,5,669,68
"NZF1659U",21,"정운천","鄭雲天","CHUNG WOONCHUN","국민의힘","미래한국당","비례대표","proportional","농림축산식품해양수산위원회, 예산결산특별위원회, 기획재정위원회, 산업통상자원중소벤처기업위원회","M",1954-04-10,2,1096,50
"LT72093S",21,"정일영","鄭日永","CHUNG ILYOUNG","더불어민주당","더불어민주당","인천 연수구을","constituency","기획재정위원회, 예산결산특별위원회, 산업통상자원중소벤처기업위원회","M",1957-08-14,1,1334,82
"LJK4960Z",21,"정점식","鄭点植","JEONG JEOMSIG","국민의힘","미래통합당","경남 통영시고성군","constituency","정무위원회, 농림축산식품해양수산위원회, 여성가족위원회, 국회운영위원회, 대법관(천대엽) 임명동의에 관한 인사청문특별위원회, 감사원장(최재해) 임명동의에 관한 인사청문특별위원회, 정치개혁 특별위원회, 법제사법위원회, 형사사법체계개혁특별위원회, 대법관(오석준) 임명동의에 관한 인사청문특별위원회, 예산결산특별위원회, 정보위원회, 대법관(권영준·서경환) 임명동의에 관한 인사청문특별위원회, 대법관(권영준서경환)임명동의에관한인사청문특별위원회, 대법원장(이균용)임명동의에관한인사청문특별위원회, 대법원장(조희대)임명동의에관한인사청문특별위원회, 국토교통위원회","M",1965-07-15,2,370,69
"TP066860",21,"정정순","鄭正淳","JEONG JEONGSOON","더불어민주당","더불어민주당","충북 청주시상당구","constituency","국토교통위원회","M",1958-01-19,1,153,14
"NQR1206Q",21,"정진석","鄭鎭碩","CHUNG JINSUK","국민의힘","미래통합당","충남 공주시부여군청양군","constituency","국방위원회, 외교통일위원회","M",1960-09-04,5,647,30
"SBK1544B",21,"정찬민","鄭燦敏","JUNG CHANMIN","국민의힘","미래통합당","경기 용인시갑","constituency","국토교통위원회, 교육위원회, 예산결산특별위원회, 환경노동위원회","M",1958-05-16,1,402,31
"2385336L",21,"정청래","鄭淸來","JUNG CHUNGRAE","더불어민주당","더불어민주당","서울 마포구을","constituency","교육위원회, 문화체육관광위원회, 과학기술정보방송통신위원회, 산업통상자원중소벤처기업위원회","M",1965-04-18,3,741,176
"MD083627",21,"정춘숙","鄭春淑","JUNG CHOUNSOOK","더불어민주당","더불어민주당","경기 용인시병","constituency","보건복지위원회, 여성가족위원회, 정치개혁 특별위원회","F",1964-01-08,2,1283,152
"UHB5553T",21,"정태호","鄭泰浩","JUNG TAEHO","더불어민주당","더불어민주당","서울 관악구을","constituency","산업통상자원중소벤처기업위원회, 예산결산특별위원회, 기획재정위원회, 연금개혁특별위원회","M",1963-03-20,1,892,75
"3425169D",21,"정필모","鄭必模","JUNG PILMO","더불어민주당","더불어시민당","비례대표","proportional","과학기술정보방송통신위원회, 언론·미디어 제도개선 특별위원회","M",1958-06-03,1,809,77
"PFG2137X",21,"정희용","鄭熙溶","JUNG HEEYONG","국민의힘","미래통합당","경북 고령군성주군칠곡군","constituency","국회운영위원회, 농림축산식품해양수산위원회, 과학기술정보방송통신위원회, 예산결산특별위원회, 언론·미디어 제도개선 특별위원회, 정치개혁특별위원회, 대법관(신숙희·엄상필)임명동의에관한인사청문특별위원회","M",1976-10-01,1,1098,104
"5KV82250",21,"조경태","趙慶泰","CHO KYOUNGTAE","국민의힘","미래통합당","부산 사하구을","constituency","기획재정위원회, 교육위원회, 예산결산특별위원회","M",1968-01-10,5,801,75
"S741317G",21,"조명희","曺明姬","JO MYUNGHEE","국민의힘","미래한국당","비례대표","proportional","과학기술정보방송통신위원회, 보건복지위원회, 국방위원회, 감사원장(최재해) 임명동의에 관한 인사청문특별위원회, 교육위원회, 국토교통위원회, 기후위기특별위원회, 국회운영위원회","F",1955-09-14,1,1336,104
"YLS4431M",21,"조수진","趙修眞","CHO SUJIN","국민의힘","미래한국당","비례대표","proportional","교육위원회, 국회운영위원회, 법제사법위원회, 대법관(이흥구) 임명동의에 관한 인사청문특별위원회, 국무총리(김부겸) 임명동의에 관한 인사청문특별위원회, 예산결산특별위원회, 형사사법체계개혁특별위원회, 용산이태원참사진상규명과재발방지를위한국정조사특별위원회, 환경노동위원회","F",1972-06-19,1,972,33
"FYI20317",21,"조승래","趙承來","JO SEOUNGLAE","더불어민주당","더불어민주당","대전 유성구갑","constituency","국회상임위원회 위원 정수에 관한 규칙 개정 특별위원회, 과학기술정보방송통신위원회, 국회운영위원회, 여성가족위원회, 첨단전략산업특별위원회, 예산결산특별위원회, 국토교통위원회","M",1968-02-21,2,1023,89
"25I8709Q",21,"조오섭","曺五燮","JO OSEOP","더불어민주당","더불어민주당","광주 북구갑","constituency","국토교통위원회, 예산결산특별위원회, 행정안전위원회","M",1968-07-19,1,1993,94
"MQU41854",21,"조은희","趙恩禧","CHO EUNHEE","국민의힘","국민의힘","서울 서초구갑","constituency","외교통일위원회, 국회운영위원회, 민생경제안정특별위원회, 여성가족위원회, 예산결산특별위원회, 행정안전위원회, 용산이태원참사진상규명과재발방지를위한국정조사특별위원회, 대법관(신숙희·엄상필)임명동의에관한인사청문특별위원회","F",1961-05-20,1,342,42
"CDL93608",21,"조응천","趙應天","CHO EUNGCHEON","더불어민주당","더불어민주당","경기 남양주시갑","constituency","국토교통위원회, 중앙선거관리위원회위원(남래진)선출에관한인사청문특별위원회, 행정안전위원회, 용산이태원참사진상규명과재발방지를위한국정조사특별위원회, 용산이태원참사진상규명을위한국정조사특별위원회, 예산결산특별위원회, 정무위원회","M",1962-09-17,2,407,81
"IN328264",21,"조정식","趙正湜","CHO JEONGSIK","더불어민주당","더불어민주당","경기 시흥시을","constituency","과학기술정보방송통신위원회, 정보위원회, 외교통일위원회","M",1963-12-25,5,426,52
"WJL30106",21,"조정훈","趙廷訓","CHO JUNGHUN","시대전환","더불어시민당","비례대표","proportional","산업통상자원중소벤처기업위원회, 대법관(오경미) 임명동의에 관한 인사청문특별위원회, 법제사법위원회, 대법관(오석준) 임명동의에 관한 인사청문특별위원회, 예산결산특별위원회","M",1972-10-07,1,358,39
"I434361W",21,"조태용","趙太庸","CHO TAEYONG","국민의힘","미래한국당","비례대표","proportional","외교통일위원회, 정보위원회, 국회 2030 부산세계박람회 유치지원 특별위원회","M",1956-08-29,1,218,15
"Z6R3959C",21,"조해진","曺海珍","CHO HAEJIN","국민의힘","미래통합당","경남 밀양시의령군함안군창녕군","constituency","농림축산식품해양수산위원회, 기획재정위원회, 예산결산특별위원회, 교육위원회, 정치개혁 특별위원회, 정보위원회, 정치개혁특별위원회","M",1963-08-04,3,225,41
"T465023H",21,"주철현","朱哲鉉","JU CHULHYUN","더불어민주당","더불어민주당","전남 여수시갑","constituency","농림축산식품해양수산위원회, 예산결산특별위원회, 국회운영위원회","M",1959-03-12,1,1347,47
"8SV6917G",21,"주호영","朱豪英","JOO HOYOUNG","국민의힘","미래통합당","대구 수성구갑","constituency","국회운영위원회, 행정안전위원회, 보건복지위원회, 정보위원회, 과학기술정보방송통신위원회, 기획재정위원회, 국무총리후보자(한덕수)에 관한 인사청문특별위원회, 연금개혁특별위원회, 대법원장(조희대)임명동의에관한인사청문특별위원회","M",1960-12-10,5,408,50
"Y7K5946R",21,"지성호","池成浩","JI SEONGHO","국민의힘","미래한국당","비례대표","proportional","문화체육관광위원회, 외교통일위원회, 환경노동위원회, 여성가족위원회","M",1982-04-03,1,1390,53
"68P7228G",21,"진선미","陳善美","JIN SUNMEE","더불어민주당","더불어민주당","서울 강동구갑","constituency","국토교통위원회, 정무위원회, 기획재정위원회, 용산이태원참사진상규명과재발방지를위한국정조사특별위원회, 용산이태원참사진상규명을위한국정조사특별위원회, 헌법재판소장(이종석)임명동의에관한인사청문특별위원회","F",1967-05-14,3,469,80
"3C23171A",21,"진성준","陳聲準","JIN SUNGJOON","더불어민주당","더불어민주당","서울 강서구을","constituency","국토교통위원회, 대법관(오경미) 임명동의에 관한 인사청문특별위원회, 국회운영위원회, 윤리특별위원회, 환경노동위원회, 예산결산특별위원회, 대법원장(조희대)임명동의에관한인사청문특별위원회","M",1967-04-19,2,978,82
"A494529E",21,"천준호","千俊鎬","CHEON JUNHO","더불어민주당","더불어민주당","서울 강북구갑","constituency","국토교통위원회, 국회운영위원회, 행정안전위원회, 용산이태원참사진상규명과재발방지를위한국정조사특별위원회, 용산이태원참사진상규명을위한국정조사특별위원회","M",1971-02-15,1,493,43
"ICH23251",21,"최강욱","崔康旭","CHOE KANGWOOK","더불어민주당","열린민주당","비례대표","proportional","국토교통위원회, 중앙선거관리위원회 위원(조병현·조성대) 선출에 관한 인사청문특별위원회, 법제사법위원회, 국무총리후보자(한덕수)에 관한 인사청문특별위원회","M",1968-05-05,1,655,62
"I5I2468R",21,"최기상","崔基相","CHOI KISANG","더불어민주당","더불어민주당","서울 금천구","constituency","법제사법위원회, 윤리특별위원회, 대법관(천대엽) 임명동의에 관한 인사청문특별위원회, 예산결산특별위원회, 감사원장(최재해) 임명동의에 관한 인사청문특별위원회, 국회운영위원회, 행정안전위원회, 대법관(권영준·서경환) 임명동의에 관한 인사청문특별위원회, 대법관(권영준서경환)임명동의에관한인사청문특별위원회, 대법원장(이균용)임명동의에관한인사청문특별위원회","M",1969-10-07,1,742,74
"M7T9712V",21,"최승재","崔承宰","CHOI SEUNGJAE","국민의힘","미래한국당","비례대표","proportional","산업통상자원중소벤처기업위원회, 국회운영위원회, 예산결산특별위원회, 여성가족위원회, 정무위원회","M",1967-07-11,1,815,65
"8VJ8533R",21,"최연숙","崔姸淑","CHOI YOUNSUK","국민의힘","국민의당","비례대표","proportional","보건복지위원회, 여성가족위원회, 국회 2030 부산세계박람회 유치지원 특별위원회","F",1960-07-25,1,507,72
"YTA7297R",21,"최영희","崔英姬","CHOI YOUNGHEE","국민의힘","국민의힘","비례대표","proportional","보건복지위원회","F",1951-06-02,1,560,25
"LPB30152",21,"최인호","崔仁昊","CHOI INHO","더불어민주당","더불어민주당","부산 사하구갑","constituency","농림축산식품해양수산위원회, 예산결산특별위원회, 국회 2030 부산세계박람회 유치지원 특별위원회, 민생경제안정특별위원회, 국토교통위원회","M",1966-10-15,2,1124,64
"6RM29022",21,"최재형","崔在亨","CHOEJAEHYEONG","국민의힘","국민의힘","서울 종로구","constituency","산업통상자원중소벤처기업위원회, 보건복지위원회","M",1956-09-02,1,132,19
"Z7Y7827F",21,"최종윤","崔鍾允","CHOI JONGYOON","더불어민주당","더불어민주당","경기 하남시","constituency","예산결산특별위원회, 환경노동위원회, 보건복지위원회, 인구위기특별위원회, 정무위원회","M",1966-02-27,1,1632,100
"3DK8989T",21,"최춘식","崔春植","CHOI CHUNSIK","국민의힘","미래통합당","경기 포천시가평군","constituency","국방위원회, 예산결산특별위원회, 행정안전위원회, 중앙선거관리위원회위원(남래진)선출에관한인사청문특별위원회, 농림축산식품해양수산위원회","M",1956-03-14,1,1148,53
"A0P4646G",21,"최형두","崔炯斗","CHOI HYUNGDU","국민의힘","미래통합당","경남 창원시마산합포구","constituency","예산결산특별위원회, 환경노동위원회, 문화체육관광위원회, 언론·미디어 제도개선 특별위원회, 국무총리후보자(한덕수)에 관한 인사청문특별위원회, 산업통상자원중소벤처기업위원회, 정치개혁특별위원회, 대법관(권영준·서경환) 임명동의에 관한 인사청문특별위원회, 대법관(권영준서경환)임명동의에관한인사청문특별위원회, 첨단전략산업특별위원회","M",1962-10-23,1,956,81
"QD25323M",21,"최혜영","崔惠英","CHOI HYEYOUNG","더불어민주당","더불어시민당","비례대표","proportional","보건복지위원회, 여성가족위원회, 대법관(천대엽) 임명동의에 관한 인사청문특별위원회, 국회운영위원회, 언론·미디어 제도개선 특별위원회, 예산결산특별위원회, 인구위기특별위원회, 연금개혁특별위원회","F",1979-06-01,1,1740,181
"G152611B",21,"추경호","秋慶鎬","CHOO KYUNGHO","국민의힘","미래통합당","대구 달성군","constituency","기획재정위원회, 예산결산특별위원회, 윤리특별위원회, 국회운영위원회, 산업통상자원중소벤처기업위원회, 행정안전위원회, 보건복지위원회, 과학기술정보방송통신위원회, 교육위원회","M",1960-07-29,2,1390,101
"XJC13432",21,"태영호","太永浩","TAE YONGHO","국민의힘","미래통합당","서울 강남구갑","constituency","외교통일위원회, 국회운영위원회, 국방위원회","M",1962-07-25,1,1659,111
"FGI27280",21,"하영제","河榮帝","HA YOUNGJE","국민의힘","미래통합당","경남 사천시남해군하동군","constituency","농림축산식품해양수산위원회, 국토교통위원회, 과학기술정보방송통신위원회","M",1954-02-25,1,1140,89
"I0S53762",21,"하태경","河泰慶","HA TAEKEUNG","국민의힘","미래통합당","부산 해운대구갑","constituency","국방위원회, 정보위원회, 외교통일위원회","M",1968-03-29,3,334,58
"JQA21112",21,"한기호","韓起鎬","HAN KIHO","국민의힘","미래통합당","강원 춘천시철원군화천군양구군을","constituency","국방위원회, 정무위원회, 법제사법위원회","M",1952-08-13,3,409,59
"UB114374",21,"한무경","韓茂景","HAN MOOKYUNG","국민의힘","미래한국당","비례대표","proportional","산업통상자원중소벤처기업위원회, 국회 2030 부산세계박람회 유치지원 특별위원회, 국회운영위원회, 예산결산특별위원회, 첨단전략산업특별위원회","F",1958-05-20,1,1167,60
"H5476989",21,"한병도","韓秉道","HAN BYUNGDO","더불어민주당","더불어민주당","전북 익산시을","constituency","행정안전위원회, 국회운영위원회, 윤리특별위원회, 국토교통위원회, 기획재정위원회, 예산결산특별위원회","M",1967-12-07,2,1597,118
"XPP2564T",21,"한정애","韓貞愛","HAN JEOUNGAE","더불어민주당","더불어민주당","서울 강서구병","constituency","보건복지위원회, 행정안전위원회, 문화체육관광위원회, 정무위원회, 기후위기특별위원회","F",1965-01-08,3,584,94
"BCQ55105",21,"한준호","韓俊鎬","HAN JUNHO","더불어민주당","더불어민주당","경기 고양시을","constituency","과학기술정보방송통신위원회, 예산결산특별위원회, 국회운영위원회, 국토교통위원회, 언론·미디어 제도개선 특별위원회, 정치개혁 특별위원회, 여성가족위원회","M",1974-02-20,1,1525,101
"NCO99988",21,"허숙정","許淑湞","HEO SUKJEONG","더불어민주당","더불어민주당","비례대표","proportional","과학기술정보방송통신위원회, 여성가족위원회, 대법관(신숙희·엄상필)임명동의에관한인사청문특별위원회","F",1975-03-19,1,79,4
"FU53642G",21,"허영","許榮","HUH YOUNG","더불어민주당","더불어민주당","강원 춘천시철원군화천군양구군갑","constituency","국토교통위원회, 국회운영위원회, 예산결산특별위원회, 정치개혁특별위원회","M",1970-03-29,1,1515,91
"66W6739S",21,"허은아","許垠娥","HER EUNA","국민의힘","미래한국당","비례대표","proportional","과학기술정보방송통신위원회, 여성가족위원회, 언론·미디어 제도개선 특별위원회, 국방위원회","F",1972-05-26,1,583,38
"VCP96419",21,"허종식","許琮植","HEO JONGSIK","더불어민주당","더불어민주당","인천 동구미추홀구갑","constituency","보건복지위원회, 예산결산특별위원회, 국토교통위원회","M",1962-02-08,1,1372,61
"5MD4184K",21,"홍기원","洪起元","HONG KEEWON","더불어민주당","더불어민주당","경기 평택시갑","constituency","국토교통위원회, 정보위원회, 국회운영위원회, 첨단전략산업특별위원회, 예산결산특별위원회","M",1964-12-13,1,879,57
"GD131760",21,"홍문표","洪文杓","HONG MOONPYO","국민의힘","미래통합당","충남 홍성군예산군","constituency","외교통일위원회, 농림축산식품해양수산위원회, 감사원장(최재해) 임명동의에 관한 인사청문특별위원회","M",1947-10-05,4,954,40
"EMC8812P",21,"홍석준","洪碩晙","HONG SUKJOON","국민의힘","미래통합당","대구 달서구갑","constituency","산업통상자원중소벤처기업위원회, 예산결산특별위원회, 환경노동위원회, 과학기술정보방송통신위원회, 감사원장(최재해) 임명동의에 관한 인사청문특별위원회, 국회운영위원회","M",1966-05-17,1,545,103
"2N793392",21,"홍성국","洪性國","HONG SUNGKOOK","더불어민주당","더불어민주당","세종특별자치시갑","constituency","국회운영위원회, 정무위원회, 기획재정위원회, 예산결산특별위원회","M",1963-02-24,1,1952,84
"KR14136C",21,"홍영표","洪永杓","HONG YOUNGPYO","더불어민주당","더불어민주당","인천 부평구을","constituency","국방위원회, 기획재정위원회","M",1957-04-30,4,482,28
"FRN1867O",21,"홍익표","洪翼杓","HONG IHKPYO","더불어민주당","더불어민주당","서울 중구성동구갑","constituency","기획재정위원회, 과학기술정보방송통신위원회, 대법관(오경미) 임명동의에 관한 인사청문특별위원회, 언론·미디어 제도개선 특별위원회, 문화체육관광위원회, 국회운영위원회, 정보위원회","M",1967-11-20,3,711,46
"XA42275R",21,"홍정민","洪貞敏","HONG JUNGMIN","더불어민주당","더불어민주당","경기 고양시병","constituency","과학기술정보방송통신위원회, 국회운영위원회, 산업통상자원중소벤처기업위원회, 예산결산특별위원회, 여성가족위원회, 정치개혁 특별위원회, 첨단전략산업특별위원회, 대법원장(조희대)임명동의에관한인사청문특별위원회","F",1978-11-24,1,1346,84
"NAL4555X",21,"홍준표","洪準杓","HONG JOONPYO","무소속","무소속","대구 수성구을","constituency","국방위원회, 예산결산특별위원회, 산업통상자원중소벤처기업위원회, 과학기술정보방송통신위원회","M",1954-12-05,5,290,16
"J9S37905",21,"황보승희","皇甫承希","HWANGBO SEUNGHEE","국민의힘","미래통합당","부산 중구영도구","constituency","문화체육관광위원회, 여성가족위원회, 과학기술정보방송통신위원회, 예산결산특별위원회, 언론·미디어 제도개선 특별위원회, 인구위기특별위원회","F",1976-08-05,1,1002,70
"0YT3774N",21,"황운하","黃雲夏","HWANG UNHA","더불어민주당","더불어민주당","대전 중구","constituency","산업통상자원중소벤처기업위원회, 예산결산특별위원회, 정무위원회, 국회운영위원회","M",1962-09-10,1,1692,77
"0VU8517U",21,"황희","黃熙","HWANG HEE","더불어민주당","더불어민주당","서울 양천구갑","constituency","국방위원회, 교육위원회, 정무위원회, 국토교통위원회, 과학기술정보방송통신위원회, 예산결산특별위원회, 외교통일위원회","M",1967-07-28,2,323,32
"T2T8225E",22,"강경숙","姜景淑","KANG KYUNGSOOK","조국혁신당","조국혁신당","비례대표","proportional","교육위원회, 예산결산특별위원회","F",1967-05-02,1,992,96
"L2I9861C",22,"강대식","姜大植","KANG DAESIK","국민의힘","국민의힘","대구 동구군위군을","constituency","국토교통위원회, 국방위원회, 예산결산특별위원회","M",1959-11-02,2,866,87
"8P37634C",22,"강득구","姜得求","KANG DEUKGU","더불어민주당","더불어민주당","경기 안양시만안구","constituency","환경노동위원회, 기후위기 특별위원회, 기후에너지환경노동위원회, 국토교통위원회","M",1963-05-27,2,589,65
"9901388T",22,"강명구","姜明求","KANG MYOUNGGU","국민의힘","국민의힘","경북 구미시을","constituency","국회운영위원회, 정무위원회, 과학기술정보방송통신위원회, 농림축산식품해양수산위원회, 정치개혁특별위원회, 대미투자특별법 처리를 위한 특별위원회, 행정안전위원회","M",1977-06-07,1,745,75
"GX22581L",22,"강민국","姜旻局","KANG MINKUK","국민의힘","국민의힘","경남 진주시을","constituency","국회운영위원회, 정무위원회, 대미투자특별법 처리를 위한 특별위원회, 재정경제기획위원회, 대법관(김성수) 임명동의에 관한 인사청문특별위원회","M",1971-03-03,2,168,23
"NQO7187X",22,"강선영","姜善榮","KANG SUNYOUNG","국민의힘","국민의미래","비례대표","proportional","국방위원회, 윤석열정부의비상계엄선포를통한내란진상규명국정조사특별위원회, 윤석열정부의비상계엄선포를통한내란혐의진상규명국정조사특별위원회, 국회운영위원회, 성평등가족위원회","F",1966-09-24,1,712,56
"MNZ4401T",22,"강선우","姜仙祐","KANG SUNWOO","무소속","더불어민주당","서울 강서구갑","constituency","보건복지위원회, 연금개혁 특별위원회, 외교통일위원회, 농림축산식품해양수산위원회, 성평등가족위원회","F",1978-06-02,2,388,51
"42K7317Y",22,"강승규","姜升圭","KANG SEUNGKYOO","국민의힘","국민의힘","충남 홍성군예산군","constituency","문화체육관광위원회, 산업통상자원중소벤처기업위원회, 예산결산특별위원회, 국회운영위원회, 행정안전위원회, 대미투자특별법 처리를 위한 특별위원회, 국무총리(한성숙) 임명동의에 관한 인사청문특별위원회, 농림축산식품해양수산위원회","M",1963-09-20,2,753,30
"Q129715Y",22,"강유정","姜由楨","KANG YUJUNG","더불어민주당","더불어민주연합","비례대표","proportional","국회운영위원회, 문화체육관광위원회","F",1975-12-15,1,537,33
"5KV96424",22,"강준현","康準鉉","KANG JUNHYEON","더불어민주당","더불어민주당","세종특별자치시을","constituency","정무위원회","M",1964-08-19,2,1833,72
"TRE2429O",22,"강훈식","姜勳植","KANG HOONSIK","더불어민주당","더불어민주당","충남 아산시을","constituency","정무위원회","M",1973-10-24,3,305,24
"HS39431V",22,"고동진","高東眞","KOH DONGJIN","국민의힘","국민의힘","서울 강남구병","constituency","산업통상자원중소벤처기업위원회, 행정안전위원회, 외교통일위원회","M",1961-03-26,1,1825,80
"WCD5518S",22,"고민정","高旼廷","KO MINJUNG","더불어민주당","더불어민주당","서울 광진구을","constituency","교육위원회, 국회운영위원회, 예산결산특별위원회, 행정안전위원회","F",1979-08-23,2,402,55
"REG96285",22,"곽규택","郭圭澤","KWAK KYUTAEK","국민의힘","국민의힘","부산 서구동구","constituency","법제사법위원회, 대법관(노경필·박영재·이숙연)임명동의에 관한 인사청문특별위원회, 예산결산특별위원회, 순직 해병 수사 방해 및 사건 은폐 등의 진실규명을 위한 국정조사특별위원회, 헌법재판소 재판관(마은혁·정계선·조한창) 선출에 관한 인사청문특별위원회, 윤석열정부의비상계엄선포를통한내란진상규명국정조사특별위원회, 윤석열정부의비상계엄선포를통한내란혐의진상규명국정조사특별위원회, 국무총리(김민석) 임명동의에 관한 인사청문특별위원회, 국회운영위원회, 감사원장(김호철) 임명동의에 관한 인사청문특별위원회, 윤석열 정권 정치검찰 조작기소 의혹 사건 진상규명 국정조사특별위원회","M",1971-04-12,1,872,75
"FIE6569O",22,"곽상언","郭相彦","KWAK SANGEON","더불어민주당","더불어민주당","서울 종로구","constituency","국회운영위원회, 산업통상자원중소벤처기업위원회, 대법관(마용주) 임몀동의에 관한 인사청문특별위원회, 예산결산특별위원회, 기후에너지환경노동위원회, 성평등가족위원회, 대법관(김성수) 임명동의에 관한 인사청문특별위원회","M",1971-11-18,1,228,34
"7469929V",22,"구자근","具滋根","KOO JAKEUN","국민의힘","국민의힘","경북 구미시갑","constituency","기획재정위원회, 예산결산특별위원회, 산업통상자원중소벤처기업위원회","M",1967-10-09,2,1390,95
"GDG1847Z",22,"권성동","權性東","KWEON SEONGDONG","국민의힘","국민의힘","강원 강릉시","constituency","행정안전위원회, 정무위원회, 국회운영위원회, 정보위원회, 보건복지위원회","M",1960-04-29,5,407,20
"LG63087O",22,"권영세","權寧世","KWON YOUNGSE","국민의힘","국민의힘","서울 용산구","constituency","국토교통위원회, 정보위원회, 기획재정위원회, 재정경제기획위원회, 외교통일위원회","M",1959-02-24,5,437,32
"LYY5513O",22,"권영진","權泳臻","KWON YOUNGJIN","국민의힘","국민의힘","대구 달서구병","constituency","과학기술정보방송통신위원회, 국토교통위원회, 국회운영위원회, 12.29여객기참사진상규명과피해자및유가족의피해구제를위한특별위원회, 행정안전위원회","M",1962-12-10,2,728,58
"C7E79345",22,"권칠승","權七勝","KWON CHILSEUNG","더불어민주당","더불어민주당","경기 화성시병","constituency","외교통일위원회, 행정안전위원회, 보건복지위원회","M",1965-11-18,3,841,68
"EFU76868",22,"권향엽","權香葉","KWON HYANGYUP","더불어민주당","더불어민주당","전남 순천시광양시곡성군구례군을","constituency","산업통상자원중소벤처기업위원회, 예산결산특별위원회, 12.29여객기참사진상규명과피해자및유가족의피해구제를위한특별위원회","F",1968-02-12,1,882,94
"TQP7167T",22,"김건","金建","KIM GUNN","국민의힘","국민의미래","비례대표","proportional","외교통일위원회, 정보위원회, 성평등가족위원회","M",1966-10-10,1,676,48
"X1K3667J",22,"김교흥","金敎興","KIM KYOHEUNG","더불어민주당","더불어민주당","인천 서구갑","constituency","산업통상자원중소벤처기업위원회, 문화체육관광위원회, 보건복지위원회, 예산결산특별위원회","M",1960-08-30,3,708,48
"HE08888N",22,"김기웅","金基雄","KIM KIWOONG","국민의힘","국민의힘","대구 중구남구","constituency","외교통일위원회, 헌법재판소 재판관(마은혁·정계선·조한창) 선출에 관한 인사청문특별위원회, 예산결산특별위원회, 국회운영위원회, 보건복지위원회","M",1961-09-15,1,748,41
"3CC88975",22,"김기표","金起杓","KIM GIPYO","더불어민주당","더불어민주당","경기 부천시을","constituency","국토교통위원회, 대법관(노경필·박영재·이숙연)임명동의에 관한 인사청문특별위원회, 헌법재판소 재판관(마은혁·정계선·조한창) 선출에 관한 인사청문특별위원회, 법제사법위원회, 국회운영위원회, 감사원장(김호철) 임명동의에 관한 인사청문특별위원회","M",1972-12-07,1,757,56
"X7I4680R",22,"김기현","金起炫","KIM GIHYEON","국민의힘","국민의힘","울산 남구을","constituency","행정안전위원회, 외교통일위원회, 2025 아시아태평양경제협력체(APEC) 정상회의 지원 특별위원회, 기후에너지환경노동위원회","M",1959-02-21,5,782,53
"QHL3248U",22,"김남국","金南局","KIM NAMKUK","더불어민주당","더불어민주당","경기 안산시갑","constituency","과학기술정보방송통신위원회, 예산결산특별위원회","M",1982-10-22,2,20,0
"IUX1829H",22,"김남근","金南槿","KIM NAMGEUN","더불어민주당","더불어민주당","서울 성북구을","constituency","정무위원회, 여성가족위원회, 대법관(노경필·박영재·이숙연)임명동의에 관한 인사청문특별위원회, 대법관(마용주) 임몀동의에 관한 인사청문특별위원회, 예산결산특별위원회, 국회운영위원회, 과학기술정보방송통신위원회, 국토교통위원회, 성평등가족위원회","M",1963-08-26,1,1666,80
"SKP6181Y",22,"김남준","金南俊","KIM NAM JOON","더불어민주당","더불어민주당","인천 계양구을","constituency","예산결산특별위원회, 재정경제기획위원회","M",1979-02-14,1,32,4
"NXB3178C",22,"김남희","金南希","KIM NAMHEE","더불어민주당","더불어민주당","경기 광명시을","constituency","보건복지위원회, 여성가족위원회, 헌법재판소 재판관(마은혁·정계선·조한창) 선출에 관한 인사청문특별위원회, 연금개혁 특별위원회, 성평등가족위원회, 감사원장(김호철) 임명동의에 관한 인사청문특별위원회, 제9회전국동시지방선거투표용지부족사태등국민참정권침해진상규명및선거관리개혁을위한국정조사특별위원회, 법제사법위원회","F",1978-02-22,1,1192,67
"ANS8383S",22,"김대식","金大植","KIM DAISIK","국민의힘","국민의힘","부산 사상구","constituency","교육위원회, 헌법재판소 재판관(마은혁·정계선·조한창) 선출에 관한 인사청문특별위원회, 국회운영위원회, 12.29여객기참사진상규명과피해자및유가족의피해구제를위한특별위원회, 예산결산특별위원회, 12.29 여객기 참사 진상규명을 위한 국정조사특별위원회, 외교통일위원회","M",1962-08-11,1,782,46
"LH97552Q",22,"김도읍","金度邑","KIM DOEUP","국민의힘","국민의힘","부산 강서구","constituency","법제사법위원회, 국토교통위원회, 산업통상자원중소벤처기업위원회, 대법관(김성수) 임명동의에 관한 인사청문특별위원회","M",1964-07-06,4,693,119
"MIS62075",22,"김동아","金東我","KIM DONGAH","더불어민주당","더불어민주당","서울 서대문구갑","constituency","산업통상자원중소벤처기업위원회, 12.29 여객기 참사 진상규명을 위한 국정조사특별위원회, 윤석열 정권 정치검찰 조작기소 의혹 사건 진상규명 국정조사특별위원회, 법제사법위원회, 국무총리(한성숙) 임명동의에 관한 인사청문특별위원회","M",1987-10-30,1,1059,92
"86R9476S",22,"김문수","金文洙","KIM MOONSOO","더불어민주당","더불어민주당","전남 순천시광양시곡성군구례군갑","constituency","교육위원회, 예산결산특별위원회, 12.29 여객기 참사 진상규명을 위한 국정조사특별위원회, 정치개혁특별위원회","M",1968-10-01,1,1986,107
"3BC6890E",22,"김미애","金美愛","KIM MIAE","국민의힘","국민의힘","부산 해운대구을","constituency","보건복지위원회, 12.29여객기참사진상규명과피해자및유가족의피해구제를위한특별위원회, 연금개혁 특별위원회, 12.29 여객기 참사 진상규명을 위한 국정조사특별위원회, 감사원장(김호철) 임명동의에 관한 인사청문특별위원회, 국토교통위원회, 국회운영위원회","F",1969-10-06,2,966,133
"MLH1404S",22,"김민석","金民錫","KIM MINSEOK","더불어민주당","더불어민주당","서울 영등포구을","constituency","국방위원회, 국회운영위원회","M",1964-05-29,4,140,11
"TCP9838Y",22,"김민전","金玟甸","KIM MEENGEON","국민의힘","국민의미래","비례대표","proportional","환경노동위원회, 교육위원회, 국회운영위원회, 법제사법위원회, 예산결산특별위원회","F",1965-05-09,1,412,67
"8Q88373R",22,"김병기","金炳基","KIM BYUNGKEE","무소속","더불어민주당","서울 동작구갑","constituency","정무위원회, 정보위원회, 국회운영위원회, 국방위원회","M",1961-07-10,3,285,45
"GF286398",22,"김병주","金柄周","KIM BYUNGJOO","더불어민주당","더불어민주당","경기 남양주시을","constituency","국방위원회, 예산결산특별위원회, 순직 해병 수사 방해 및 사건 은폐 등의 진실규명을 위한 국정조사특별위원회, 국회운영위원회, 윤석열정부의비상계엄선포를통한내란진상규명국정조사특별위원회, 윤석열정부의비상계엄선포를통한내란혐의진상규명국정조사특별위원회","M",1962-02-07,2,455,38
"VDN5593C",22,"김상욱","金相旭","KIM SANGWOOK","국민의힘","국민의힘","울산 남구갑","constituency","환경노동위원회, 행정안전위원회, 여성가족위원회, 농림축산식품해양수산위원회, 예산결산특별위원회, 외교통일위원회, 12.29여객기참사진상규명과피해자및유가족의피해구제를위한특별위원회, 12.29 여객기 참사 진상규명을 위한 국정조사특별위원회","M",1980-01-01,1,394,32
"1Y73132H",22,"김상훈","金相勳","KIM SANGHOON","국민의힘","국민의힘","대구 서구","constituency","정무위원회, 대미투자특별법 처리를 위한 특별위원회, 재정경제기획위원회","M",1963-01-25,4,1586,96
"ZYP7962W",22,"김석기","金碩基","KIM SEOKKI","국민의힘","국민의힘","경북 경주시","constituency","예산결산특별위원회, 외교통일위원회, 문화체육관광위원회","M",1954-08-06,3,418,25
"JNL7001A",22,"김선교","金善敎","KIM SUNGYO","국민의힘","국민의힘","경기 여주시양평군","constituency","국토교통위원회, 농림축산식품해양수산위원회, 국무총리(한성숙) 임명동의에 관한 인사청문특별위원회, 예산결산특별위원회","M",1960-09-18,2,1690,169
"7GW5372Y",22,"김선민","金宣旼","KIM SUNMIN","조국혁신당","조국혁신당","비례대표","proportional","보건복지위원회, 여성가족위원회, 과학기술정보방송통신위원회","F",1964-05-24,1,936,68
"DOZ1588B",22,"김성범","金晟範","KIM SUNGBUM","더불어민주당","더불어민주당","제주 서귀포시","constituency","농림축산식품해양수산위원회","M",1968-06-12,1,69,5
"9D939735",22,"김성원","金成願","KIM SUNGWON","국민의힘","국민의힘","경기 동두천시양주시연천구을","constituency","예산결산특별위원회, 산업통상자원중소벤처기업위원회, 국회운영위원회, 윤석열정부의비상계엄선포를통한내란진상규명국정조사특별위원회, 윤석열정부의비상계엄선포를통한내란혐의진상규명국정조사특별위원회","M",1973-10-15,3,1666,141
"XSP20229",22,"김성환","金星煥","KIM SUNGWHAN","더불어민주당","더불어민주당","서울 노원구을","constituency","기획재정위원회, 산업통상자원중소벤처기업위원회, 기후위기 특별위원회, 외교통일위원회, 재정경제기획위원회","M",1965-10-15,3,604,14
"88O1334C",22,"김성회","金城會","KIM SUNGHOI","더불어민주당","더불어민주당","경기 고양시갑","constituency","행정안전위원회, 국회운영위원회, 순직 해병 수사 방해 및 사건 은폐 등의 진실규명을 위한 국정조사특별위원회, 예산결산특별위원회, 기후위기 특별위원회, 12.29 여객기 참사 진상규명을 위한 국정조사특별위원회, 제9회전국동시지방선거투표용지부족사태등국민참정권침해진상규명및선거관리개혁을위한국정조사특별위원회, 국방위원회","M",1972-11-20,1,440,25
"1SR94244",22,"김소희","金素熙","KIM SOHEE","국민의힘","국민의미래","비례대표","proportional","국회운영위원회, 환경노동위원회, 여성가족위원회, 기후위기 특별위원회, 기후에너지환경노동위원회, 12.29 여객기 참사 진상규명을 위한 국정조사특별위원회, 성평등가족위원회","F",1973-09-16,1,1335,118
"5K93695T",22,"김승수","金承洙","KIM SEUNGSU","국민의힘","국민의힘","대구 북구을","constituency","문화체육관광위원회, 예산결산특별위원회, 국회운영위원회, 정치개혁특별위원회","M",1965-07-05,2,1108,75
"ATB59635",22,"김승원","金勝源","KIM SEUNGWON","더불어민주당","더불어민주당","경기 수원시갑","constituency","법제사법위원회, 윤석열정부의비상계엄선포를통한내란진상규명국정조사특별위원회, 윤석열정부의비상계엄선포를통한내란혐의진상규명국정조사특별위원회, 정무위원회, 예산결산특별위원회, 감사원장(김호철) 임명동의에 관한 인사청문특별위원회, 윤석열 정권 정치검찰 조작기소 의혹 사건 진상규명 국정조사특별위원회, 산업통상자원중소벤처기업위원회","M",1969-07-08,2,715,87
"B7D7534L",22,"김영배","金永培","KIM YOUNGBAE","더불어민주당","더불어민주당","서울 성북구갑","constituency","외교통일위원회, 국회운영위원회, 제9회전국동시지방선거투표용지부족사태등국민참정권침해진상규명및선거관리개혁을위한국정조사특별위원회, 행정안전위원회","M",1967-03-08,2,792,50
"5765663F",22,"김영진","金榮鎭","KIM YOUNGJIN","더불어민주당","더불어민주당","경기 수원시병","constituency","산업통상자원중소벤처기업위원회, 예산결산특별위원회, 기획재정위원회, 정보위원회, 재정경제기획위원회, 행정안전위원회","M",1967-09-10,3,526,66
"7BM2933Y",22,"김영호","金映豪","KIM YOUNGHO","더불어민주당","더불어민주당","서울 서대문구을","constituency","교육위원회, 외교통일위원회, 행정안전위원회, 대법관(김성수) 임명동의에 관한 인사청문특별위원회","M",1967-09-13,3,483,39
"8O34202I",22,"김영환","金永煥","KIM YOUNGWHAN","더불어민주당","더불어민주당","경기 고양시정","constituency","기획재정위원회, 예산결산특별위원회, 법제사법위원회, 재정경제기획위원회","M",1971-07-07,1,896,32
"CNZ51556",22,"김예지","金睿智","KIM YEAJI","국민의힘","국민의미래","비례대표","proportional","문화체육관광위원회, 보건복지위원회, 행정안전위원회","F",1980-12-13,2,1197,146
"NB64509Z",22,"김용만","金容萬","KIM YONGMAN","더불어민주당","더불어민주당","경기 하남시을","constituency","여성가족위원회, 정무위원회, 예산결산특별위원회, 제9회전국동시지방선거투표용지부족사태등국민참정권침해진상규명및선거관리개혁을위한국정조사특별위원회","M",1986-08-14,1,579,66
"OFE45081",22,"김용민","金容民","KIM YONGMIN","더불어민주당","더불어민주당","경기 남양주시병","constituency","법제사법위원회","M",1976-06-05,2,385,61
"EPI69383",22,"김용태","金龍泰","KIM YONGTAE","국민의힘","국민의힘","경기 포천시가평군","constituency","환경노동위원회, 교육위원회, 예산결산특별위원회, 대법관(마용주) 임몀동의에 관한 인사청문특별위원회, 기후위기 특별위원회, 연금개혁 특별위원회, 농림축산식품해양수산위원회","M",1990-10-21,1,1167,90
"3UI95829",22,"김우영","金宇榮","KIM WOOYOUNG","더불어민주당","더불어민주당","서울 은평구을","constituency","과학기술정보방송통신위원회","M",1969-08-05,1,1228,30
"4L695580",22,"김원이","金元二","KIM WONI","더불어민주당","더불어민주당","전남 목포시","constituency","산업통상자원중소벤처기업위원회, 기후위기 특별위원회","M",1968-11-11,2,660,78
"LCZ1711I",22,"김위상","金渭相","KIM WISANG","국민의힘","국민의미래","비례대표","proportional","환경노동위원회, 예산결산특별위원회, 기후에너지환경노동위원회","M",1959-11-24,1,906,121
"5N65159P",22,"김윤","金輪","KIM YOON","더불어민주당","더불어민주연합","비례대표","proportional","보건복지위원회, 예산결산특별위원회, 성평등가족위원회, 국회운영위원회","M",1966-05-24,1,1841,68
"JZY9937U",22,"김윤덕","金潤德","KIM YUNDUK","더불어민주당","더불어민주당","전북 전주시갑","constituency","문화체육관광위원회","M",1966-05-23,3,435,23
"L5P27909",22,"김은혜","金恩慧","KIM EUNHYE","국민의힘","국민의힘","경기 성남시분당구을","constituency","법제사법위원회, 국토교통위원회, 12.29여객기참사진상규명과피해자및유가족의피해구제를위한특별위원회, 국회운영위원회, 12.29 여객기 참사 진상규명을 위한 국정조사특별위원회, 정치개혁특별위원회, 제9회전국동시지방선거투표용지부족사태등국민참정권침해진상규명및선거관리개혁을위한국정조사특별위원회","F",1971-01-06,2,714,45
"FIC9046Z",22,"김의겸","金宜謙","KIMEUIKYEOM","더불어민주당","더불어민주당","전북 군산시김제시부안군갑","constituency","산업통상자원중소벤처기업위원회, 법제사법위원회","M",1963-05-22,2,101,9
"X7E7893P",22,"김장겸","金張謙","KIM JANGKYOM","국민의힘","국민의미래","비례대표","proportional","과학기술정보방송통신위원회","M",1961-05-08,1,620,39
"57B28032",22,"김재섭","金宰燮","KIM JAESUB","국민의힘","국민의힘","서울 도봉구갑","constituency","국토교통위원회, 정무위원회, 연금개혁 특별위원회, 정보위원회, 법제사법위원회, 정치개혁특별위원회, 윤석열 정권 정치검찰 조작기소 의혹 사건 진상규명 국정조사특별위원회","M",1987-06-28,1,655,41
"DMP1439I",22,"김재원","金載原","KIM JAEWON","조국혁신당","조국혁신당","비례대표","proportional","문화체육관광위원회, 2025 아시아태평양경제협력체(APEC) 정상회의 지원 특별위원회, 예산결산특별위원회","F",1975-08-02,1,1095,82
"E1J8836Y",22,"김정재","金汀才","KIM JUNGJAE","국민의힘","국민의힘","경북 포항시북구","constituency","국토교통위원회, 예산결산특별위원회, 국회운영위원회, 행정안전위원회, 성평등가족위원회","F",1966-02-15,3,845,76
"9LD2641Q",22,"김정호","金禎鎬","KIM JUNGHO","더불어민주당","더불어민주당","경남 김해시을","constituency","산업통상자원중소벤처기업위원회, 기후위기 특별위원회, 산불피해지원대책 특별위원회, 기후에너지환경노동위원회","M",1960-06-18,3,923,107
"M2Q9024I",22,"김종민","金鍾民","KIM JONGMIN","무소속","새로운미래","세종특별자치시갑","constituency","산업통상자원중소벤처기업위원회, 헌법재판소 재판관(마은혁·정계선·조한창) 선출에 관한 인사청문특별위원회, 기후위기 특별위원회","M",1964-05-12,3,544,59
"N378078V",22,"김종양","金鍾陽","KIM JONGYANG","국민의힘","국민의힘","경남 창원시의창구","constituency","국회운영위원회, 행정안전위원회, 국토교통위원회, 예산결산특별위원회","M",1961-10-30,1,671,51
"D6U6678O",22,"김주영","金周暎","KIM JUYOUNG","더불어민주당","더불어민주당","경기 김포시갑","constituency","환경노동위원회, 기후에너지환경노동위원회","M",1961-10-15,2,958,104
"YM42715P",22,"김준혁","金俊爀","KIM JUNHYUK","더불어민주당","더불어민주당","경기 수원시정","constituency","교육위원회, 국회운영위원회, 헌법재판소 재판관후보자를 겸하는 헌법재판소장(김상환) 임명동의에 관한 인사청문특별위원회","M",1969-03-07,1,873,55
"8A05621B",22,"김준형","金峻亨","KIM JOONHYUNG","조국혁신당","조국혁신당","비례대표","proportional","외교통일위원회, 국회운영위원회","M",1963-03-29,1,1117,23
"WMT66995",22,"김준환","金峻煥","Kim JoonHwan","더불어민주당","더불어민주당","비례대표","proportional","교육위원회, 외교통일위원회","M",1962-11-14,1,58,4
"7ZS19508",22,"김태규","金泰圭","KIM TAE KYU","국민의힘","국민의힘","울산 남구갑","constituency","행정안전위원회, 국회운영위원회, 법제사법위원회, 예산결산특별위원회","M",1967-09-28,1,139,7
"1WE5693J",22,"김태년","金太年","KIM TAENYEON","더불어민주당","더불어민주당","경기 성남시수정구","constituency","기획재정위원회, 재정경제기획위원회","M",1965-03-20,5,794,71
"6WK3815W",22,"김태선","金台善","KIM TAESEON","더불어민주당","더불어민주당","울산 동구","constituency","예산결산특별위원회, 환경노동위원회, 2025 아시아태평양경제협력체(APEC) 정상회의 지원 특별위원회, 기후에너지환경노동위원회","M",1979-08-28,1,1090,150
"P0F1530P",22,"김태호","金台鎬","KIM TAEHO","국민의힘","국민의힘","경남 양산시을","constituency","외교통일위원회, 보건복지위원회","M",1962-08-21,4,755,52
"NUB4941Z",22,"김한규","金翰奎","KIM HANKYU","더불어민주당","더불어민주당","제주 제주시을","constituency","산업통상자원중소벤처기업위원회, 여성가족위원회, 헌법재판소 재판관(마은혁·정계선·조한창) 선출에 관한 인사청문특별위원회, 예산결산특별위원회, 성평등가족위원회, 정치개혁특별위원회, 재정경제기획위원회, 국회운영위원회, 국무총리(한성숙) 임명동의에 관한 인사청문특별위원회, 법제사법위원회, 대법관(김성수) 임명동의에 관한 인사청문특별위원회","M",1974-07-01,2,1267,75
"7YL9580G",22,"김현","金玄","KIM HYUN","더불어민주당","더불어민주당","경기 안산시을","constituency","과학기술정보방송통신위원회, 국무총리(김민석) 임명동의에 관한 인사청문특별위원회, 예산결산특별위원회","F",1965-10-15,2,560,40
"6VC83722",22,"김현정","金鉉正","KIM HYUNJUNG","더불어민주당","더불어민주당","경기 평택시병","constituency","정무위원회, 과학기술정보방송통신위원회, 대미투자특별법 처리를 위한 특별위원회, 예산결산특별위원회","M",1969-06-17,1,1212,122
"JEZ3130Q",22,"김형동","金亨東","KIM HYUNGDONG","국민의힘","국민의힘","경북 안동시예천군","constituency","행정안전위원회, 환경노동위원회, 2025 아시아태평양경제협력체(APEC) 정상회의 지원 특별위원회, 예산결산특별위원회, 산불피해지원대책 특별위원회, 기후에너지환경노동위원회, 윤석열 정권 정치검찰 조작기소 의혹 사건 진상규명 국정조사특별위원회, 대법관(김성수) 임명동의에 관한 인사청문특별위원회","M",1975-03-25,2,560,55
"KBZ59750",22,"김형연","金炯淵","Kim Hyung Yun","조국혁신당","조국혁신당","비례대표","proportional","정무위원회","M",1966-07-09,1,13,4
"HRG9655C",22,"김희정","金姬廷","KIM HEEJUNG","국민의힘","국민의힘","부산 연제구","constituency","국토교통위원회, 국무총리(김민석) 임명동의에 관한 인사청문특별위원회, 국무총리(한성숙) 임명동의에 관한 인사청문특별위원회, 교육위원회","F",1971-04-13,3,269,53
"SLW27496",22,"나경원","羅景垣","NA KYUNGWON","국민의힘","국민의힘","서울 동작구을","constituency","산업통상자원중소벤처기업위원회, 법제사법위원회, 윤석열 정권 정치검찰 조작기소 의혹 사건 진상규명 국정조사특별위원회, 기후에너지환경노동위원회, 예산결산특별위원회","F",1963-12-06,5,351,31
"04T3751T",22,"남인순","南仁順","NAM INSOON","더불어민주당","더불어민주당","서울 송파구병","constituency","보건복지위원회, 여성가족위원회, 연금개혁 특별위원회","F",1958-11-05,4,837,92
"RUZ25800",22,"노종면","盧宗勉","NOH JONGMYUN","더불어민주당","더불어민주당","인천 부평구갑","constituency","과학기술정보방송통신위원회, 국회운영위원회, 예산결산특별위원회, 문화체육관광위원회","M",1967-09-15,1,671,39
"FJK3396E",22,"맹성규","孟聖奎","MAENG SUNGKYU","더불어민주당","더불어민주당","인천 남동구갑","constituency","국토교통위원회, 외교통일위원회","M",1962-04-05,3,477,28
"J1G57517",22,"모경종","牟炅鍾","MO GYEONGJONG","더불어민주당","더불어민주당","인천 서구병","constituency","행정안전위원회, 국회운영위원회, 연금개혁 특별위원회, 국토교통위원회","M",1989-08-10,1,547,39
"GRP3908I",22,"문금주","文今柱","MUN GEUMJU","더불어민주당","더불어민주당","전남 고흥군보성군장흥군강진군","constituency","농림축산식품해양수산위원회, 예산결산특별위원회, 12.29여객기참사진상규명과피해자및유가족의피해구제를위한특별위원회, 국회운영위원회","M",1967-06-03,1,1134,80
"D9I3309M",22,"문대림","文大林","MOON DAELIM","더불어민주당","더불어민주당","제주 제주시갑","constituency","농림축산식품해양수산위원회, 예산결산특별위원회","M",1965-11-22,1,984,68
"GOC54665",22,"문정복","文貞福","MOON JEONGBOG","더불어민주당","더불어민주당","경기 시흥시갑","constituency","교육위원회, 국토교통위원회","F",1967-01-10,2,725,29
"4U29186R",22,"문진석","文振碩","MOON JINSEOG","더불어민주당","더불어민주당","충남 천안시갑","constituency","국토교통위원회, 국회운영위원회, 재정경제기획위원회","M",1962-02-12,2,1551,159
"TZ228122",22,"민병덕","閔炳德","MIN BYOUNGDUG","더불어민주당","더불어민주당","경기 안양시동안구갑","constituency","정무위원회, 헌법재판소 재판관(마은혁·정계선·조한창) 선출에 관한 인사청문특별위원회, 윤석열정부의비상계엄선포를통한내란진상규명국정조사특별위원회, 윤석열정부의비상계엄선포를통한내란혐의진상규명국정조사특별위원회","M",1970-12-20,2,2188,89
"VRY5522V",22,"민형배","閔炯培","MIN HYUNGBAE","더불어민주당","더불어민주당","광주 광산구을","constituency","문화체육관광위원회, 기후위기 특별위원회, 헌법재판소 재판관후보자를 겸하는 헌법재판소장(김상환) 임명동의에 관한 인사청문특별위원회","M",1961-06-15,2,1411,240
"O6D8329R",22,"민홍철","閔洪喆","MIN HONGCHUL","더불어민주당","더불어민주당","경남 김해시갑","constituency","국토교통위원회, 윤석열정부의비상계엄선포를통한내란진상규명국정조사특별위원회, 윤석열정부의비상계엄선포를통한내란혐의진상규명국정조사특별위원회, 국방위원회","M",1961-04-18,4,408,62
"IWR8966I",22,"박균택","朴均澤","PARK KYOONTAEK","더불어민주당","더불어민주당","광주 광산구갑","constituency","법제사법위원회, 국무총리(김민석) 임명동의에 관한 인사청문특별위원회, 국무총리(한성숙) 임명동의에 관한 인사청문특별위원회, 국회운영위원회","M",1966-06-12,1,1046,80
"W4X85128",22,"박대출","朴大出","PARK DAECHUL","국민의힘","국민의힘","경남 진주시갑","constituency","기획재정위원회, 재정경제기획위원회, 정무위원회","M",1961-03-18,4,390,45
"N4R2421C",22,"박덕흠","朴德欽","PARK DUKHYUM","국민의힘","국민의힘","충북 보은군옥천군영동군괴산군","constituency","농림축산식품해양수산위원회, 예산결산특별위원회, 행정안전위원회, 정치개혁특별위원회, 과학기술정보방송통신위원회","M",1953-10-18,4,1565,78
"M4O5221T",22,"박민규","朴珉奎","PARK MINKYU","더불어민주당","더불어민주당","서울 관악구갑","constituency","과학기술정보방송통신위원회, 예산결산특별위원회, 기획재정위원회, 재정경제기획위원회, 산업통상자원중소벤처기업위원회, 국회운영위원회, 행정안전위원회, 정무위원회","M",1973-06-13,1,1116,45
"7R156073",22,"박범계","朴範界","PARK BEOMKYE","더불어민주당","더불어민주당","대전 서구을","constituency","국방위원회, 대법관(노경필·박영재·이숙연)임명동의에 관한 인사청문특별위원회, 순직 해병 수사 방해 및 사건 은폐 등의 진실규명을 위한 국정조사특별위원회, 법제사법위원회, 정무위원회, 교육위원회","M",1963-04-27,4,236,28
"VA04150X",22,"박상웅","朴相雄","PARK SANGWOONG","국민의힘","국민의힘","경남 밀양시의령군함안군창녕군","constituency","농림축산식품해양수산위원회, 산업통상자원중소벤처기업위원회, 대미투자특별법 처리를 위한 특별위원회, 예산결산특별위원회, 행정안전위원회","M",1960-08-16,1,531,50
"HXT76735",22,"박상혁","朴商赫","PARK SANGHYUK","더불어민주당","더불어민주당","경기 김포시을","constituency","정무위원회, 대법관(마용주) 임몀동의에 관한 인사청문특별위원회, 국회운영위원회","M",1973-03-20,2,1348,111
"VZA76236",22,"박선원","朴善源","PARK SUNWON","더불어민주당","더불어민주당","인천 부평구을","constituency","국방위원회, 정보위원회, 윤석열정부의비상계엄선포를통한내란진상규명국정조사특별위원회, 윤석열정부의비상계엄선포를통한내란혐의진상규명국정조사특별위원회, 국무총리(김민석) 임명동의에 관한 인사청문특별위원회, 윤석열 정권 정치검찰 조작기소 의혹 사건 진상규명 국정조사특별위원회, 국무총리(한성숙) 임명동의에 관한 인사청문특별위원회, 국회운영위원회","M",1963-01-14,1,635,24
"X3170462",22,"박성민","朴成敏","PARK SUNGMIN","국민의힘","국민의힘","울산 중구","constituency","행정안전위원회, 산업통상자원중소벤처기업위원회","M",1959-04-19,2,723,55
"IL74008M",22,"박성준","朴省俊","PARK SUNGJOON","더불어민주당","더불어민주당","서울 중구성동구을","constituency","교육위원회, 국회운영위원회, 윤석열 정권 정치검찰 조작기소 의혹 사건 진상규명 국정조사특별위원회, 행정안전위원회, 예산결산특별위원회, 외교통일위원회","M",1969-04-23,2,304,32
"NX534083",22,"박성훈","朴成訓","PARK SUNGHOON","국민의힘","국민의힘","부산 북구을","constituency","국회운영위원회, 농림축산식품해양수산위원회, 기획재정위원회, 헌법재판소 재판관(마은혁·정계선·조한창) 선출에 관한 인사청문특별위원회, 환경노동위원회, 재정경제기획위원회, 대미투자특별법 처리를 위한 특별위원회, 정무위원회","M",1971-01-18,1,1000,140
"Y0X4618N",22,"박수민","朴琇民","PARK SOOMIN","국민의힘","국민의힘","서울 강남구을","constituency","국회운영위원회, 기획재정위원회, 예산결산특별위원회, 문화체육관광위원회, 연금개혁 특별위원회, 행정안전위원회, 재정경제기획위원회, 국토교통위원회, 제9회전국동시지방선거투표용지부족사태등국민참정권침해진상규명및선거관리개혁을위한국정조사특별위원회, 기후에너지환경노동위원회","M",1967-12-03,1,419,34
"FU87526G",22,"박수영","朴洙瑩","PARK SOOYOUNG","국민의힘","국민의힘","부산 남구","constituency","기획재정위원회, 감사원장(김호철) 임명동의에 관한 인사청문특별위원회, 재정경제기획위원회, 정치개혁특별위원회, 대미투자특별법 처리를 위한 특별위원회, 예산결산특별위원회","M",1964-01-07,2,485,61
"5TQ6306B",22,"박수현","朴洙賢","PARK SOOHYUN","더불어민주당","더불어민주당","충남 공주시부여군청양군","constituency","국회운영위원회, 문화체육관광위원회, 예산결산특별위원회","M",1964-08-14,2,931,49
"1JI2689F",22,"박용갑","朴龍甲","PARK YONGKAB","더불어민주당","더불어민주당","대전 중구","constituency","국토교통위원회, 보건복지위원회, 예산결산특별위원회","M",1957-03-17,1,1636,106
"1A82234K",22,"박은정","朴恩貞","PARK EUNJUNG","조국혁신당","조국혁신당","비례대표","proportional","법제사법위원회, 대법관(노경필·박영재·이숙연)임명동의에 관한 인사청문특별위원회, 순직 해병 수사 방해 및 사건 은폐 등의 진실규명을 위한 국정조사특별위원회","F",1972-01-15,1,690,37
"4019850M",22,"박정","朴釘","PARK JEUNG","더불어민주당","더불어민주당","경기 파주시을","constituency","예산결산특별위원회, 환경노동위원회, 기후에너지환경노동위원회","M",1962-11-19,3,1762,88
"6RD62559",22,"박정하","朴正河","PARK JEONGHA","국민의힘","국민의힘","강원 원주시갑","constituency","국토교통위원회, 예산결산특별위원회, 문화체육관광위원회, 과학기술정보방송통신위원회","M",1966-09-26,2,831,57
"HVV5250J",22,"박정현","朴貞炫","PARK JEONGHYEON","더불어민주당","더불어민주당","대전 대덕구","constituency","예산결산특별위원회, 행정안전위원회, 기후위기 특별위원회, 산불피해지원대책 특별위원회, 교육위원회, 국회운영위원회, 외교통일위원회","F",1964-11-04,1,1736,65
"AEJ19639",22,"박정훈","朴庭勳","PARK JEONGHUN","국민의힘","국민의힘","서울 송파구갑","constituency","과학기술정보방송통신위원회, 정무위원회, 교육위원회","M",1971-02-08,1,305,22
"6AU2417B",22,"박주민","朴柱民","PARK JUMIN","더불어민주당","더불어민주당","서울 은평구갑","constituency","보건복지위원회, 순직 해병 수사 방해 및 사건 은폐 등의 진실규명을 위한 국정조사특별위원회, 헌법재판소 재판관(마은혁·정계선·조한창) 선출에 관한 인사청문특별위원회, 행정안전위원회","M",1973-11-21,3,237,50
"G6W8250J",22,"박준태","朴俊泰","PARK JUNTAE","국민의힘","국민의미래","비례대표","proportional","국회운영위원회, 보건복지위원회, 법제사법위원회, 대법관(노경필·박영재·이숙연)임명동의에 관한 인사청문특별위원회, 순직 해병 수사 방해 및 사건 은폐 등의 진실규명을 위한 국정조사특별위원회, 윤석열정부의비상계엄선포를통한내란진상규명국정조사특별위원회, 윤석열정부의비상계엄선포를통한내란혐의진상규명국정조사특별위원회, 농림축산식품해양수산위원회, 정무위원회","M",1981-02-24,1,1189,21
"H7X3372O",22,"박지원","朴芝源","PARK JI WON","더불어민주당","더불어민주당","전북 군산시김제시부안군을","constituency","보건복지위원회, 예산결산특별위원회","M",1987-07-28,1,76,6
"8BF5855P",22,"박지원","朴智元","PARK JIEWON","더불어민주당","더불어민주당","전남 해남군완도군진도군","constituency","법제사법위원회, 정보위원회, 헌법재판소 재판관(마은혁·정계선·조한창) 선출에 관한 인사청문특별위원회, 윤석열정부의비상계엄선포를통한내란혐의진상규명국정조사특별위원회, 윤석열 정권 정치검찰 조작기소 의혹 사건 진상규명 국정조사특별위원회","M",1942-06-05,5,2173,26
"EMH4976E",22,"박지혜","朴智慧","PARK JEEHYE","더불어민주당","더불어민주당","경기 의정부시갑","constituency","산업통상자원중소벤처기업위원회, 예산결산특별위원회, 대법관(마용주) 임몀동의에 관한 인사청문특별위원회, 기후위기 특별위원회, 헌법재판소 재판관후보자를 겸하는 헌법재판소장(김상환) 임명동의에 관한 인사청문특별위원회, 기후에너지환경노동위원회, 대미투자특별법 처리를 위한 특별위원회, 성평등가족위원회, 대법관(김성수) 임명동의에 관한 인사청문특별위원회","F",1978-10-31,1,684,87
"BT62420K",22,"박찬대","朴贊大","PARK CHANDAE","더불어민주당","더불어민주당","인천 연수구갑","constituency","국방위원회, 국회운영위원회, 정보위원회, 정무위원회","M",1967-05-10,3,169,24
"GP21946O",22,"박충권","朴沖？","PARK CHOONGKWON","국민의힘","국민의미래","비례대표","proportional","과학기술정보방송통신위원회, 국회운영위원회, 행정안전위원회, 외교통일위원회","M",1986-01-14,1,1655,61
"E2B3753X",22,"박해철","朴海澈","PARK HAECHEOL","더불어민주당","더불어민주당","경기 안산시병","constituency","환경노동위원회, 기후에너지환경노동위원회","M",1965-09-14,1,1565,135
"6U243644",22,"박형수","朴亨修","PARK HYEUNGSOO","국민의힘","국민의힘","경북 의성군청송군영덕군울진군","constituency","법제사법위원회, 산업통상자원중소벤처기업위원회, 예산결산특별위원회, 국회운영위원회, 기후에너지환경노동위원회, 윤석열 정권 정치검찰 조작기소 의혹 사건 진상규명 국정조사특별위원회","M",1965-10-20,2,417,36
"S824682L",22,"박홍근","朴洪根","PARK HONGKEUN","더불어민주당","더불어민주당","서울 중랑구을","constituency","기획재정위원회, 재정경제기획위원회, 과학기술정보방송통신위원회, 보건복지위원회, 국방위원회, 행정안전위원회","M",1969-10-08,4,623,33
"ZW43496R",22,"박홍배","朴弘培","PARK HONGBAE","더불어민주당","더불어민주연합","비례대표","proportional","환경노동위원회, 연금개혁 특별위원회, 여성가족위원회, 기후에너지환경노동위원회, 성평등가족위원회, 행정안전위원회, 정무위원회, 예산결산특별위원회","M",1972-10-09,1,2298,159
"43Q3892U",22,"박희승","朴熙承","PARK HEESEONG","더불어민주당","더불어민주당","전북 남원시장수군임실군순창군","constituency","보건복지위원회, 대법관(노경필·박영재·이숙연)임명동의에 관한 인사청문특별위원회, 헌법재판소 재판관(마은혁·정계선·조한창) 선출에 관한 인사청문특별위원회, 법제사법위원회, 예산결산특별위원회, 국방위원회, 산업통상자원중소벤처기업위원회, 국회운영위원회","M",1963-09-28,1,2350,80
"QQP4727N",22,"배준영","裵俊英","BAE JUNEYOUNG","국민의힘","국민의힘","인천 중구강화군옹진군","constituency","국회운영위원회, 행정안전위원회, 국토교통위원회, 국무총리(김민석) 임명동의에 관한 인사청문특별위원회, 예산결산특별위원회, 감사원장(김호철) 임명동의에 관한 인사청문특별위원회, 정치개혁특별위원회, 재정경제기획위원회","M",1970-10-21,2,735,78
"4X525582",22,"배현진","裵賢鎭","BAE HYUNJIN","국민의힘","국민의힘","서울 송파구을","constituency","문화체육관광위원회, 과학기술정보방송통신위원회, 국회운영위원회, 외교통일위원회","F",1983-11-06,2,161,17
"YN160848",22,"백선희","白仙姬","BAEK SUNHEE","조국혁신당","조국혁신당","비례대표","proportional","국방위원회, 12.29여객기참사진상규명과피해자및유가족의피해구제를위한특별위원회, 보건복지위원회, 예산결산특별위원회","F",1968-12-08,1,562,64
"MDC3257K",22,"백승아","白承아","BAEK SEUNGAH","더불어민주당","더불어민주연합","비례대표","proportional","교육위원회, 여성가족위원회, 국회운영위원회, 감사원장(김호철) 임명동의에 관한 인사청문특별위원회, 국무총리(한성숙) 임명동의에 관한 인사청문특별위원회","F",1985-02-25,1,823,49
"CAA7713A",22,"백종헌","白宗憲","BAEK JONGHEAN","국민의힘","국민의힘","부산 금정구","constituency","보건복지위원회","M",1962-12-23,2,949,24
"HSS7466Y",22,"백혜련","白惠蓮","BACK HYERYUN","더불어민주당","더불어민주당","경기 수원시을","constituency","보건복지위원회, 대법관(노경필·박영재·이숙연)임명동의에 관한 인사청문특별위원회, 대법관(마용주) 임몀동의에 관한 인사청문특별위원회, 윤석열정부의비상계엄선포를통한내란진상규명국정조사특별위원회, 윤석열정부의비상계엄선포를통한내란혐의진상규명국정조사특별위원회, 국무총리(한성숙) 임명동의에 관한 인사청문특별위원회, 산업통상자원중소벤처기업위원회, 성평등가족위원회, 정보위원회","F",1967-02-17,3,678,115
"GJ56729D",22,"복기왕","卜箕旺","BOK KIWANG","더불어민주당","더불어민주당","충남 아산시갑","constituency","국토교통위원회","M",1968-04-10,2,1479,123
"6I88973D",22,"부승찬","夫勝粲","BOO SEUNGCHAN","더불어민주당","더불어민주당","경기 용인시병","constituency","국방위원회, 국회운영위원회, 순직 해병 수사 방해 및 사건 은폐 등의 진실규명을 위한 국정조사특별위원회, 윤석열정부의비상계엄선포를통한내란혐의진상규명국정조사특별위원회, 정보위원회, 국토교통위원회, 대법관(김성수) 임명동의에 관한 인사청문특별위원회","M",1970-10-14,1,518,32
"QQ429063",22,"서명옥","徐明玉","SUH MYUNGOK","국민의힘","국민의힘","서울 강남구갑","constituency","보건복지위원회, 여성가족위원회, 성평등가족위원회, 행정안전위원회","F",1960-11-26,1,668,50
"51A45980",22,"서미화","徐美和","SEO MIHWA","더불어민주당","더불어민주연합","비례대표","proportional","국회운영위원회, 보건복지위원회","F",1967-11-06,1,1561,112
"L7J93733",22,"서범수","徐範洙","SUH BUMSOO","국민의힘","국민의힘","울산 울주군","constituency","국토교통위원회, 여성가족위원회, 예산결산특별위원회, 기후위기 특별위원회, 행정안전위원회, 헌법재판소 재판관후보자를 겸하는 헌법재판소장(김상환) 임명동의에 관한 인사청문특별위원회, 성평등가족위원회, 제9회전국동시지방선거투표용지부족사태등국민참정권침해진상규명및선거관리개혁을위한국정조사특별위원회, 교육위원회","M",1963-09-17,2,589,49
"FOK3459D",22,"서삼석","徐參錫","SEO SAMSEOK","더불어민주당","더불어민주당","전남 영암군무안군신안군","constituency","농림축산식품해양수산위원회","M",1959-08-03,3,950,109
"TKJ4800F",22,"서영교","徐瑛敎","SEO YOUNGKYO","더불어민주당","더불어민주당","서울 중랑구갑","constituency","법제사법위원회, 여성가족위원회, 성평등가족위원회, 윤석열 정권 정치검찰 조작기소 의혹 사건 진상규명 국정조사특별위원회","F",1964-11-11,4,1307,146
"XR24352K",22,"서영석","徐暎錫","SEO YOUNGSEOK","더불어민주당","더불어민주당","경기 부천시갑","constituency","보건복지위원회, 예산결산특별위원회, 연금개혁 특별위원회","M",1964-09-16,2,982,82
"80C5885Z",22,"서왕진","徐旺鎭","SEO WANGJIN","조국혁신당","조국혁신당","비례대표","proportional","산업통상자원중소벤처기업위원회, 예산결산특별위원회, 기후위기 특별위원회, 기후에너지환경노동위원회","M",1964-11-25,1,943,52
"MR210505",22,"서일준","徐一俊","SEO ILJUN","국민의힘","국민의힘","경남 거제시","constituency","국토교통위원회, 예산결산특별위원회, 산업통상자원중소벤처기업위원회, 정치개혁특별위원회, 정무위원회","M",1965-05-10,2,838,33
"P7U7800Z",22,"서지영","徐知英","SEO JIYOUNG","국민의힘","국민의힘","부산 동래구","constituency","교육위원회, 예산결산특별위원회, 국회운영위원회, 산업통상자원중소벤처기업위원회","F",1975-02-18,1,872,61
"JP222486",22,"서천호","徐千浩","SUH CHEONHO","국민의힘","국민의힘","경남 사천시남해군하동군","constituency","행정안전위원회, 농림축산식품해양수산위원회, 12.29여객기참사진상규명과피해자및유가족의피해구제를위한특별위원회, 산불피해지원대책 특별위원회, 12.29 여객기 참사 진상규명을 위한 국정조사특별위원회, 과학기술정보방송통신위원회, 정보위원회","M",1961-09-08,1,1821,69
"7XY7109I",22,"성일종","成一鍾","SUNG ILJONG","국민의힘","국민의힘","충남 서산시태안군","constituency","예산결산특별위원회, 국방위원회","M",1963-03-19,3,868,55
"ZDR63255",22,"소병훈","蘇秉勳","SO BYUNGHOON","더불어민주당","더불어민주당","경기 광주시갑","constituency","보건복지위원회, 대법관(마용주) 임몀동의에 관한 인사청문특별위원회","M",1954-06-03,3,1098,87
"JSA8739I",22,"손명수","孫明秀","SON MYOUNGSOO","더불어민주당","더불어민주당","경기 용인시을","constituency","국토교통위원회, 12.29여객기참사진상규명과피해자및유가족의피해구제를위한특별위원회, 정무위원회","M",1966-11-09,1,815,41
"2KM3589W",22,"손솔","孫率","SON SOL","진보당","더불어민주연합","비례대표","proportional","문화체육관광위원회, 윤석열 정권 정치검찰 조작기소 의혹 사건 진상규명 국정조사특별위원회, 법제사법위원회, 성평등가족위원회","F",1995-01-02,1,396,30
"SQ36001H",22,"송기헌","宋基憲","SONG KIHUN","더불어민주당","더불어민주당","강원 원주시을","constituency","국토교통위원회, 예산결산특별위원회, 감사원장(김호철) 임명동의에 관한 인사청문특별위원회, 정치개혁특별위원회, 과학기술정보방송통신위원회","M",1963-10-02,3,301,40
"CNW5754J",22,"송석준","宋錫俊","SONG SEOGJUN","국민의힘","국민의힘","경기 이천시","constituency","예산결산특별위원회, 법제사법위원회, 순직 해병 수사 방해 및 사건 은폐 등의 진실규명을 위한 국정조사특별위원회, 윤석열 정권 정치검찰 조작기소 의혹 사건 진상규명 국정조사특별위원회, 외교통일위원회","M",1964-03-10,3,696,46
"6EN68926",22,"송언석","宋彦錫","SONG EONSEOG","국민의힘","국민의힘","경북 김천시","constituency","예산결산특별위원회, 기획재정위원회, 정보위원회, 국회운영위원회, 환경노동위원회, 외교통일위원회, 정무위원회","M",1963-05-16,3,461,58
"PAO22428",22,"송영길","宋永吉","SONG YOUNGGIL","더불어민주당","더불어민주당","인천 연수구갑","constituency","국방위원회","M",1963-03-21,6,21,5
"3249208I",22,"송옥주","宋玉珠","SONG OKJOO","더불어민주당","더불어민주당","경기 화성시갑","constituency","농림축산식품해양수산위원회","F",1965-12-20,3,1415,129
"RG972910",22,"송재봉","宋在奉","SONG JAEBONG","더불어민주당","더불어민주당","충북 청주시청원구","constituency","산업통상자원중소벤처기업위원회, 기후위기 특별위원회, 정치개혁특별위원회, 국무총리(한성숙) 임명동의에 관한 인사청문특별위원회, 예산결산특별위원회","M",1969-09-25,1,1235,100
"OWD1018N",22,"신동욱","申東旭","SHIN DONGUK","국민의힘","국민의힘","서울 서초구을","constituency","과학기술정보방송통신위원회, 문화체육관광위원회, 대법관(마용주) 임몀동의에 관한 인사청문특별위원회, 기획재정위원회, 예산결산특별위원회, 법제사법위원회, 감사원장(김호철) 임명동의에 관한 인사청문특별위원회, 윤석열 정권 정치검찰 조작기소 의혹 사건 진상규명 국정조사특별위원회, 제9회전국동시지방선거투표용지부족사태등국민참정권침해진상규명및선거관리개혁을위한국정조사특별위원회, 정무위원회","M",1967-08-03,1,449,29
"RMC1840P",22,"신성범","愼聖範","SHIN SUNGBUM","국민의힘","국민의힘","경남 산청군함양군거창군합천군","constituency","교육위원회, 과학기술정보방송통신위원회, 정보위원회, 산불피해지원대책 특별위원회, 국토교통위원회","M",1963-06-01,3,768,46
"AFH96856",22,"신영대","申榮大","SHIN YEONGDAE","더불어민주당","더불어민주당","전북 군산시김제시부안군갑","constituency","기획재정위원회, 예산결산특별위원회, 국토교통위원회","M",1968-01-15,2,590,53
"NPD75153",22,"신장식","申莊植","SHIN CHANGSIK","조국혁신당","조국혁신당","비례대표","proportional","국회운영위원회, 정무위원회, 농림축산식품해양수산위원회","M",1971-05-25,1,968,103
"M7O7878U",22,"신정훈","辛正勳","SHIN JEONGHOON","더불어민주당","더불어민주당","전남 나주시화순군","constituency","행정안전위원회, 교육위원회, 재정경제기획위원회, 기후에너지환경노동위원회","M",1964-12-06,3,676,57
"TST4507I",22,"안규백","安圭伯","AHN GYUBACK","더불어민주당","더불어민주당","서울 동대문구갑","constituency","국방위원회, 윤석열정부의비상계엄선포를통한내란진상규명국정조사특별위원회, 윤석열정부의비상계엄선포를통한내란혐의진상규명국정조사특별위원회, 기획재정위원회, 재정경제기획위원회, 교육위원회","M",1961-04-29,5,269,25
"EB16073M",22,"안도걸","安道杰","AHN DOGEOL","더불어민주당","더불어민주당","광주 동구남구을","constituency","기획재정위원회, 예산결산특별위원회, 산불피해지원대책 특별위원회, 재정경제기획위원회, 대미투자특별법 처리를 위한 특별위원회, 국회운영위원회","M",1965-01-23,1,922,61
"PYA8594I",22,"안상훈","安祥薰","AHN SANGHOON","국민의힘","국민의미래","비례대표","proportional","보건복지위원회, 연금개혁 특별위원회, 재정경제기획위원회","M",1969-05-15,1,539,66
"YOG1280B",22,"안철수","安哲秀","AHN CHEOLSOO","국민의힘","국민의힘","경기 성남시분당구갑","constituency","외교통일위원회","M",1962-01-22,4,958,42
"W8L9421K",22,"안태준","安泰俊","AN TAEJUN","더불어민주당","더불어민주당","경기 광주시을","constituency","국토교통위원회, 국회운영위원회","M",1969-12-03,1,892,57
"XEF29171",22,"안호영","安浩永","AN HOYOUNG","더불어민주당","더불어민주당","전북 완주군진안군무주군","constituency","환경노동위원회, 기후에너지환경노동위원회","M",1965-10-11,3,754,62
"3OQ8273H",22,"양문석","梁文錫","YANG MOONSEOK","더불어민주당","더불어민주당","경기 안산시갑","constituency","문화체육관광위원회, 국회운영위원회","M",1966-09-28,1,510,28
"CK143054",22,"양부남","楊富男","YANG BUNAM","더불어민주당","더불어민주당","광주 서구을","constituency","행정안전위원회, 윤석열 정권 정치검찰 조작기소 의혹 사건 진상규명 국정조사특별위원회, 재정경제기획위원회, 제9회전국동시지방선거투표용지부족사태등국민참정권침해진상규명및선거관리개혁을위한국정조사특별위원회","M",1961-03-23,1,1484,102
"8FB1535Y",22,"어기구","魚基龜","EOH KIYKU","더불어민주당","더불어민주당","충남 당진시","constituency","농림축산식품해양수산위원회, 예산결산특별위원회, 재정경제기획위원회, 기후에너지환경노동위원회","M",1963-01-10,3,685,64
"8348421R",22,"엄태영","嚴泰永","EOM TAEYOUNG","국민의힘","국민의힘","충북 제천시단양군","constituency","국토교통위원회, 예산결산특별위원회","M",1958-01-22,2,1248,126
"URX8075K",22,"염태영","廉泰英","YEOM TAEYOUNG","더불어민주당","더불어민주당","경기 수원시무","constituency","국토교통위원회, 기후위기 특별위원회, 12.29 여객기 참사 진상규명을 위한 국정조사특별위원회","M",1960-07-25,1,1060,64
"OIA3741M",22,"오기형","吳奇炯","OH GIHYOUNG","더불어민주당","더불어민주당","서울 도봉구을","constituency","기획재정위원회, 예산결산특별위원회, 연금개혁 특별위원회, 국무총리(김민석) 임명동의에 관한 인사청문특별위원회, 과학기술정보방송통신위원회, 재정경제기획위원회, 행정안전위원회","M",1966-11-25,2,197,24
"BRU2690F",22,"오세희","吳世姬","OH SAEHEE","더불어민주당","더불어민주연합","비례대표","proportional","산업통상자원중소벤처기업위원회, 예산결산특별위원회, 국회운영위원회","F",1955-12-27,1,1095,89
"GE71932C",22,"용혜인","龍慧仁","YONG HYEIN","기본소득당","더불어민주연합","비례대표","proportional","행정안전위원회, 윤석열정부의비상계엄선포를통한내란진상규명국정조사특별위원회, 윤석열정부의비상계엄선포를통한내란혐의진상규명국정조사특별위원회","F",1990-04-12,2,538,68
"XBT9550Q",22,"우원식","禹元植","WOO WONSHIK","더불어민주당","더불어민주당","서울 노원구갑","constituency","재정경제기획위원회, 외교통일위원회","M",1957-09-18,5,7,0
"8UC4779G",22,"우재준","禹在埈","WOO JAEJUN","국민의힘","국민의힘","대구 북구갑","constituency","국토교통위원회, 법제사법위원회, 환경노동위원회, 연금개혁 특별위원회, 헌법재판소 재판관후보자를 겸하는 헌법재판소장(김상환) 임명동의에 관한 인사청문특별위원회, 기후에너지환경노동위원회, 예산결산특별위원회, 행정안전위원회, 산업통상자원중소벤처기업위원회","M",1988-05-04,1,886,50
"RQQ3807K",22,"위성곤","魏聖坤","WI SEONGGON","더불어민주당","더불어민주당","제주 서귀포시","constituency","예산결산특별위원회, 행정안전위원회, 12.29여객기참사진상규명과피해자및유가족의피해구제를위한특별위원회, 기후위기 특별위원회","M",1968-01-20,3,1120,102
"T9E37304",22,"위성락","魏聖洛","WI SUNGLAC","더불어민주당","더불어민주연합","비례대표","proportional","외교통일위원회, 정보위원회","M",1954-09-14,1,209,10
"GX38539O",22,"유동수","柳東秀","YOO DONGSOO","더불어민주당","더불어민주당","인천 계양구갑","constituency","정무위원회","M",1961-09-18,3,342,30
"MU69217P",22,"유상범","劉相凡","YOO SANGBUM","국민의힘","국민의힘","강원 홍천군횡성군영월군평창군","constituency","법제사법위원회, 대법관(노경필·박영재·이숙연)임명동의에 관한 인사청문특별위원회, 순직 해병 수사 방해 및 사건 은폐 등의 진실규명을 위한 국정조사특별위원회, 대법관(마용주) 임몀동의에 관한 인사청문특별위원회, 기획재정위원회, 국회운영위원회, 재정경제기획위원회, 국토교통위원회, 예산결산특별위원회","M",1966-06-04,2,553,47
"JZV5283U",22,"유영하","柳榮夏","YOO YEONGHA","국민의힘","국민의힘","대구 달서구갑","constituency","정무위원회, 정보위원회, 2025 아시아태평양경제협력체(APEC) 정상회의 지원 특별위원회, 예산결산특별위원회, 헌법재판소 재판관후보자를 겸하는 헌법재판소장(김상환) 임명동의에 관한 인사청문특별위원회, 국무총리(한성숙) 임명동의에 관한 인사청문특별위원회, 국방위원회","M",1962-10-19,1,158,18
"KBK8836C",22,"유용원","庾龍源","YU YONGWEON","국민의힘","국민의미래","비례대표","proportional","국방위원회, 순직 해병 수사 방해 및 사건 은폐 등의 진실규명을 위한 국정조사특별위원회, 외교통일위원회","M",1964-03-10,1,863,55
"MRK4871S",22,"유의동","兪義東","YU EUIDONG","국민의힘","국민의힘","경기 평택시을","constituency","정무위원회, 국토교통위원회","M",1971-06-23,4,31,4
"GP07421U",22,"윤건영","尹建永","YOUN KUNYOUNG","더불어민주당","더불어민주당","서울 구로구을","constituency","국회운영위원회, 행정안전위원회, 윤석열정부의비상계엄선포를통한내란진상규명국정조사특별위원회, 윤석열정부의비상계엄선포를통한내란혐의진상규명국정조사특별위원회, 정보위원회, 정치개혁특별위원회, 윤석열 정권 정치검찰 조작기소 의혹 사건 진상규명 국정조사특별위원회, 제9회전국동시지방선거투표용지부족사태등국민참정권침해진상규명및선거관리개혁을위한국정조사특별위원회","M",1969-09-26,2,504,72
"MSY7784L",22,"윤상현","尹相現","YOON SANGHYUN","국민의힘","국민의힘","인천 동구미추홀구을","constituency","외교통일위원회, 국방위원회, 환경노동위원회, 기후에너지환경노동위원회, 법제사법위원회, 윤석열 정권 정치검찰 조작기소 의혹 사건 진상규명 국정조사특별위원회, 제9회전국동시지방선거투표용지부족사태등국민참정권침해진상규명및선거관리개혁을위한국정조사특별위원회","M",1962-12-01,5,448,30
"9VR65006",22,"윤영석","尹永碩","YOON YOUNGSEOK","국민의힘","국민의힘","경남 양산시갑","constituency","예산결산특별위원회, 국토교통위원회, 연금개혁 특별위원회, 기획재정위원회, 재정경제기획위원회","M",1964-10-07,4,496,68
"W0154979",22,"윤용근","尹用根","YUN YONG KEUN","국민의힘","국민의힘","충남 공주시부여군청양군","constituency","국회운영위원회, 문화체육관광위원회, 예산결산특별위원회, 대법관(김성수) 임명동의에 관한 인사청문특별위원회","M",1969-01-02,1,50,1
"ZRF3039U",22,"윤재옥","尹在玉","YUN JAEOK","국민의힘","국민의힘","대구 달서구을","constituency","예산결산특별위원회, 국토교통위원회, 기후에너지환경노동위원회","M",1961-09-10,4,278,54
"MQK9493H",22,"윤종군","尹鍾君","YOON JONGKUN","더불어민주당","더불어민주당","경기 안성시","constituency","국토교통위원회, 국회운영위원회, 12.29여객기참사진상규명과피해자및유가족의피해구제를위한특별위원회","M",1972-09-09,1,1153,38
"3TP65086",22,"윤종오","尹鍾五","YOON JONGO","진보당","진보당","울산 북구","constituency","국토교통위원회, 예산결산특별위원회, 국회운영위원회, 12.29 여객기 참사 진상규명을 위한 국정조사특별위원회","M",1963-08-14,2,626,71
"JC14718Q",22,"윤준병","尹準炳","YOON JOONBYEONG","더불어민주당","더불어민주당","전북 정읍시고창군","constituency","농림축산식품해양수산위원회, 예산결산특별위원회, 정치개혁특별위원회","M",1961-03-03,2,2266,349
"8X15119P",22,"윤한홍","尹漢洪","YOON HANHONG","국민의힘","국민의힘","경남 창원시마산회원구","constituency","정무위원회, 산업통상자원중소벤처기업위원회","M",1962-11-01,3,530,40
"M0A1658U",22,"윤호중","尹昊重","YUN HOJUNG","더불어민주당","더불어민주당","경기 구리시","constituency","기획재정위원회, 보건복지위원회, 재정경제기획위원회, 교육위원회","M",1963-03-27,5,236,27
"O7R5461J",22,"윤후덕","尹厚德","YOON HUDUK","더불어민주당","더불어민주당","경기 파주시갑","constituency","외교통일위원회, 2025 아시아태평양경제협력체(APEC) 정상회의 지원 특별위원회, 예산결산특별위원회, 재정경제기획위원회","M",1957-01-09,4,819,43
"AEO5706C",22,"이강일","李康一","LEE KANGILL","더불어민주당","더불어민주당","충북 청주시상당구","constituency","정무위원회, 예산결산특별위원회","M",1967-04-30,1,725,92
"I7R13867",22,"이개호","李介昊","LEE KAIHO","더불어민주당","더불어민주당","전남 담양군함평군영광군장성군","constituency","보건복지위원회, 농림축산식품해양수산위원회","M",1959-06-23,4,968,51
"7YC6702R",22,"이건태","李建泰","LEE GEONTAE","더불어민주당","더불어민주당","경기 부천시병","constituency","법제사법위원회, 국토교통위원회, 헌법재판소 재판관후보자를 겸하는 헌법재판소장(김상환) 임명동의에 관한 인사청문특별위원회, 윤석열 정권 정치검찰 조작기소 의혹 사건 진상규명 국정조사특별위원회, 기후에너지환경노동위원회, 예산결산특별위원회","M",1966-12-21,1,793,69
"4A067125",22,"이광재","李光宰","LEE KWANGJAE","더불어민주당","더불어민주당","경기 하남시갑","constituency","예산결산특별위원회, 재정경제기획위원회","M",1965-02-28,4,62,8
"95J3282H",22,"이광희","李廣熙","LEE GOANGHEE","더불어민주당","더불어민주당","충북 청주시서원구","constituency","행정안전위원회, 12.29 여객기 참사 진상규명을 위한 국정조사특별위원회, 국토교통위원회, 제9회전국동시지방선거투표용지부족사태등국민참정권침해진상규명및선거관리개혁을위한국정조사특별위원회, 성평등가족위원회","M",1963-10-09,1,1555,90
"W3U3344O",22,"이기헌","李寄憲","LEE KIHEON","더불어민주당","더불어민주당","경기 고양시병","constituency","문화체육관광위원회, 정보위원회, 산업통상자원중소벤처기업위원회, 국회운영위원회, 감사원장(김호철) 임명동의에 관한 인사청문특별위원회, 제9회전국동시지방선거투표용지부족사태등국민참정권침해진상규명및선거관리개혁을위한국정조사특별위원회, 예산결산특별위원회, 외교통일위원회","M",1968-12-23,1,1619,52
"ROS6754L",22,"이달희","李達姬","LEE DALHEE","국민의힘","국민의미래","비례대표","proportional","문화체육관광위원회, 행정안전위원회, 여성가족위원회, 12.29여객기참사진상규명과피해자및유가족의피해구제를위한특별위원회, 2025 아시아태평양경제협력체(APEC) 정상회의 지원 특별위원회, 산불피해지원대책 특별위원회, 성평등가족위원회, 12.29 여객기 참사 진상규명을 위한 국정조사특별위원회, 과학기술정보방송통신위원회, 보건복지위원회","F",1962-02-09,1,862,67
"OSV9142K",22,"이만희","李晩熙","LEE MANHEE","국민의힘","국민의힘","경북 영천시청도군","constituency","행정안전위원회, 농림축산식품해양수산위원회, 2025 아시아태평양경제협력체(APEC) 정상회의 지원 특별위원회, 산불피해지원대책 특별위원회, 보건복지위원회","M",1963-12-11,3,739,135
"HFV52269",22,"이병진","李炳鎭","YI BYEONGJIN","더불어민주당","더불어민주당","경기 평택시을","constituency","농림축산식품해양수산위원회, 2025 아시아태평양경제협력체(APEC) 정상회의 지원 특별위원회, 예산결산특별위원회","M",1964-12-08,1,1574,89
"W8W95421",22,"이상식","李相植","LEE SANGSIK","더불어민주당","더불어민주당","경기 용인시갑","constituency","행정안전위원회, 순직 해병 수사 방해 및 사건 은폐 등의 진실규명을 위한 국정조사특별위원회, 정치개혁특별위원회","M",1966-04-27,1,611,54
"8L52480G",22,"이상휘","李相輝","LEE SANGHWI","국민의힘","국민의힘","경북 포항시남구울릉군","constituency","과학기술정보방송통신위원회, 윤석열 정권 정치검찰 조작기소 의혹 사건 진상규명 국정조사특별위원회, 농림축산식품해양수산위원회, 국회운영위원회, 예산결산특별위원회","M",1963-10-06,1,584,49
"WXJ8352N",22,"이성권","李成權","LEE SEONGKWEUN","국민의힘","국민의힘","부산 사하구갑","constituency","정보위원회, 행정안전위원회, 12.29여객기참사진상규명과피해자및유가족의피해구제를위한특별위원회, 예산결산특별위원회, 12.29 여객기 참사 진상규명을 위한 국정조사특별위원회, 기후에너지환경노동위원회, 재정경제기획위원회, 농림축산식품해양수산위원회","M",1968-10-15,2,764,53
"N2P9317N",22,"이성윤","李盛潤","LEE SUNGYOON","더불어민주당","더불어민주당","전북 전주시을","constituency","법제사법위원회","M",1962-01-06,1,1135,64
"WTR5885Y",22,"이소영","李素永","LEE SOYOUNG","더불어민주당","더불어민주당","경기 의왕시과천시","constituency","국토교통위원회, 국회운영위원회, 기후위기 특별위원회, 예산결산특별위원회, 보건복지위원회, 기획재정위원회, 재정경제기획위원회, 국무총리(한성숙) 임명동의에 관한 인사청문특별위원회, 기후에너지환경노동위원회, 정무위원회","F",1985-02-10,2,298,34
"MRS4949T",22,"이소희","李昭熙",NA,"국민의힘","국민의힘","비례대표","proportional","문화체육관광위원회, 보건복지위원회","F",1986-11-15,1,112,1
"0R68099X",22,"이수진","李壽珍","LEE SOOJIN","더불어민주당","더불어민주당","경기 성남시중원구","constituency","보건복지위원회, 12.29여객기참사진상규명과피해자및유가족의피해구제를위한특별위원회, 예산결산특별위원회, 12.29 여객기 참사 진상규명을 위한 국정조사특별위원회, 연금개혁 특별위원회, 성평등가족위원회","F",1969-05-14,2,2020,233
"S9U45255",22,"이양수","李亮壽","LEE YANGSOO","국민의힘","국민의힘","강원 속초시인제군고성군양양군","constituency","농림축산식품해양수산위원회, 정무위원회, 12.29 여객기 참사 진상규명을 위한 국정조사특별위원회, 정보위원회","M",1967-08-15,3,403,46
"JG77046J",22,"이언주","李彦周","LEE UNJU","더불어민주당","더불어민주당","경기 용인시정","constituency","산업통상자원중소벤처기업위원회","F",1972-11-08,3,353,52
"EBH1101V",22,"이연희","李蓮喜","LEE YEONHEE","더불어민주당","더불어민주당","충북 청주시흥덕구","constituency","국토교통위원회, 여성가족위원회, 2025 아시아태평양경제협력체(APEC) 정상회의 지원 특별위원회, 행정안전위원회, 성평등가족위원회, 12.29 여객기 참사 진상규명을 위한 국정조사특별위원회, 감사원장(김호철) 임명동의에 관한 인사청문특별위원회, 과학기술정보방송통신위원회, 예산결산특별위원회","M",1966-03-05,1,1544,98
"9JF4562W",22,"이용선","李庸瑄","LEE YONGSUN","더불어민주당","더불어민주당","서울 양천구을","constituency","예산결산특별위원회, 외교통일위원회, 국토교통위원회","M",1958-02-12,2,502,29
"6K79158C",22,"이용우","李庸宇","LEE YONGWOO","더불어민주당","더불어민주당","인천 서구을","constituency","환경노동위원회, 헌법재판소 재판관(마은혁·정계선·조한창) 선출에 관한 인사청문특별위원회, 기후에너지환경노동위원회, 국회운영위원회, 윤석열 정권 정치검찰 조작기소 의혹 사건 진상규명 국정조사특별위원회","M",1974-07-16,1,1141,173
"DAV7257X",22,"이원택","李源澤","LEE WONTAEG","더불어민주당","더불어민주당","전북 군산시김제시부안군을","constituency","농림축산식품해양수산위원회, 산불피해지원대책 특별위원회","M",1970-01-25,2,895,73
"DWK26447",22,"이인선","李仁善","LEE INSEON","국민의힘","국민의힘","대구 수성구을","constituency","기획재정위원회, 여성가족위원회, 2025 아시아태평양경제협력체(APEC) 정상회의 지원 특별위원회, 성평등가족위원회, 재정경제기획위원회, 행정안전위원회, 교육위원회, 예산결산특별위원회","F",1959-05-02,2,1426,80
"3ZR4438W",22,"이인영","李仁榮","LEE INYOUNG","더불어민주당","더불어민주당","서울 구로구갑","constituency","정무위원회, 정보위원회, 보건복지위원회","M",1964-06-28,5,445,48
"3LP22204",22,"이재강","李在康","LEE JAEGANG","더불어민주당","더불어민주당","경기 의정부시을","constituency","외교통일위원회, 예산결산특별위원회","M",1962-07-20,1,655,35
"RKS3658I",22,"이재관","李在官","LEE JAEKWAN","더불어민주당","더불어민주당","충남 천안시을","constituency","산업통상자원중소벤처기업위원회, 예산결산특별위원회, 행정안전위원회, 기후에너지환경노동위원회, 농림축산식품해양수산위원회","M",1965-03-01,1,1174,56
"IUD9392R",22,"이재명","李在明","LEE JAEMYUNG","더불어민주당","더불어민주당","인천 계양구을","constituency","외교통일위원회","M",1964-12-22,2,40,4
"UQ282145",22,"이재정","李在汀","LEE JAE JUNG","더불어민주당","더불어민주당","경기 안양시동안구을","constituency","여성가족위원회, 외교통일위원회, 헌법재판소 재판관후보자를 겸하는 헌법재판소장(김상환) 임명동의에 관한 인사청문특별위원회, 문화체육관광위원회","F",1974-08-02,3,402,38
"O0I2045I",22,"이정문","李楨文","LEE JUNGMUN","더불어민주당","더불어민주당","충남 천안시병","constituency","정무위원회, 문화체육관광위원회","M",1973-01-05,2,1335,88
"5762459L",22,"이정헌","李政憲","LEE JEONGHEON","더불어민주당","더불어민주당","서울 광진구갑","constituency","과학기술정보방송통신위원회, 정무위원회, 국회운영위원회","M",1971-05-05,1,458,61
"HSW1214Q",22,"이종배","李鍾培","LEE JONGBAE","국민의힘","국민의힘","충북 충주시","constituency","예산결산특별위원회, 산업통상자원중소벤처기업위원회, 국무총리(김민석) 임명동의에 관한 인사청문특별위원회, 기후에너지환경노동위원회, 기후위기 특별위원회, 농림축산식품해양수산위원회","M",1957-05-30,4,1177,110
"NLS46526",22,"이종욱","李琮煜","LEE JONGWOOK","국민의힘","국민의힘","경남 창원시진해구","constituency","국회운영위원회, 기획재정위원회, 예산결산특별위원회, 국토교통위원회, 재정경제기획위원회","M",1965-03-15,1,605,52
"WI719547",22,"이주영","李주鍈","LEE JUYOUNG","개혁신당","개혁신당","비례대표","proportional","보건복지위원회, 예산결산특별위원회, 감사원장(김호철) 임명동의에 관한 인사청문특별위원회, 교육위원회","F",1982-03-22,1,141,30
"RBM5454A",22,"이주희","李周禧","Lee Juhee","더불어민주당","더불어민주당","비례대표","proportional","기획재정위원회, 과학기술정보방송통신위원회, 여성가족위원회, 성평등가족위원회, 윤석열 정권 정치검찰 조작기소 의혹 사건 진상규명 국정조사특별위원회, 기후위기 특별위원회, 국회운영위원회","F",1978-06-13,1,852,47
"QWL7778X",22,"이준석","李埈錫","LEE JUNSEOK","개혁신당","개혁신당","경기 화성시을","constituency","과학기술정보방송통신위원회, 예산결산특별위원회, 제9회전국동시지방선거투표용지부족사태등국민참정권침해진상규명및선거관리개혁을위한국정조사특별위원회, 재정경제기획위원회","M",1985-03-31,1,157,24
"29V4537Y",22,"이진숙","李眞淑","LEE JINSOOK","국민의힘","국민의힘","대구 달성군","constituency","재정경제기획위원회, 과학기술정보방송통신위원회","F",1961-07-04,1,43,3
"TZP9391O",22,"이철규","李喆圭","LEE CHULGYU","국민의힘","국민의힘","강원 동해시태백시삼척시정선군","constituency","산업통상자원중소벤처기업위원회, 기후에너지환경노동위원회","M",1957-09-20,3,227,41
"V2R7430Z",22,"이춘석","李春錫","LEE CHOONSUAK","무소속","더불어민주당","전북 익산시갑","constituency","국토교통위원회, 대법관(마용주) 임몀동의에 관한 인사청문특별위원회, 법제사법위원회, 외교통일위원회, 재정경제기획위원회","M",1963-03-07,4,561,60
"K5F2023J",22,"이학영","李學永","LEE HACKYOUNG","더불어민주당","더불어민주당","경기 군포시","constituency","환경노동위원회, 기후에너지환경노동위원회","M",1952-04-16,4,1392,108
"0698755I",22,"이해민","李海珉","LEE HAIMIN","조국혁신당","조국혁신당","비례대표","proportional","과학기술정보방송통신위원회, 정무위원회","F",1973-07-02,1,954,81
"CCU1009B",22,"이해식","李海植","LEE HAESIK","더불어민주당","더불어민주당","서울 강동구을","constituency","행정안전위원회, 정치개혁특별위원회, 제9회전국동시지방선거투표용지부족사태등국민참정권침해진상규명및선거관리개혁을위한국정조사특별위원회","M",1963-11-13,2,915,95
"EVH1507C",22,"이헌승","李憲昇","LEE HUNSEUNG","국민의힘","국민의힘","부산 부산진구을","constituency","정무위원회, 기후위기 특별위원회, 재정경제기획위원회, 기후에너지환경노동위원회","M",1963-05-11,4,1241,84
"2S73768V",22,"이훈기","李勳基","LEE HOONKI","더불어민주당","더불어민주당","인천 남동구을","constituency","과학기술정보방송통신위원회, 국회운영위원회, 예산결산특별위원회, 기획재정위원회, 재정경제기획위원회","M",1965-11-30,1,1063,120
"B7789327",22,"인요한","印曜翰","IHN YOHAN","국민의힘","국민의미래","비례대표","proportional","보건복지위원회, 외교통일위원회, 문화체육관광위원회","M",1959-12-08,1,593,20
"CST4991F",22,"임광현","林光鉉","LIM KWANGHYUN","더불어민주당","더불어민주연합","비례대표","proportional","국회운영위원회, 기획재정위원회","M",1969-05-12,1,355,37
"JVK71445",22,"임문영","林文泳","LIM MUN YEONG","더불어민주당","더불어민주당","광주 광산구을","constituency","산업통상자원중소벤처기업위원회","M",1966-05-07,1,46,8
"X639721U",22,"임미애","林美愛","LIM MIAE","더불어민주당","더불어민주연합","비례대표","proportional","농림축산식품해양수산위원회, 여성가족위원회, 예산결산특별위원회, 2025 아시아태평양경제협력체(APEC) 정상회의 지원 특별위원회, 산불피해지원대책 특별위원회, 성평등가족위원회, 정치개혁특별위원회, 국회운영위원회","F",1966-06-23,1,1791,96
"4T026790",22,"임오경","林五卿","LIM OKYEONG","더불어민주당","더불어민주당","경기 광명시갑","constituency","문화체육관광위원회","F",1971-12-11,2,922,101
"EH27538E",22,"임이자","林利子","LIM LEEJA","국민의힘","국민의힘","경북 상주시문경시","constituency","환경노동위원회, 국회운영위원회, 기후위기 특별위원회, 기획재정위원회, 재정경제기획위원회, 예산결산특별위원회","F",1964-03-05,3,805,72
"RAJ1024Z",22,"임종득","林鍾得","LIM JONGDEUK","국민의힘","국민의힘","경북 영주시영양군봉화군","constituency","국방위원회, 예산결산특별위원회, 윤석열정부의비상계엄선포를통한내란진상규명국정조사특별위원회, 윤석열정부의비상계엄선포를통한내란혐의진상규명국정조사특별위원회, 산불피해지원대책 특별위원회, 정치개혁특별위원회, 성평등가족위원회","M",1964-08-08,1,738,116
"FH777496",22,"임호선","林昊宣","LIM HOSEON","더불어민주당","더불어민주당","충북 증평군진천군음성군","constituency","농림축산식품해양수산위원회, 예산결산특별위원회, 행정안전위원회","M",1964-09-27,2,1405,104
"RPN2293B",22,"장경태","張耿態","JANG KYUNGTAE","무소속","더불어민주당","서울 동대문구을","constituency","법제사법위원회, 예산결산특별위원회, 순직 해병 수사 방해 및 사건 은폐 등의 진실규명을 위한 국정조사특별위원회, 2025 아시아태평양경제협력체(APEC) 정상회의 지원 특별위원회, 기획재정위원회, 국토교통위원회","M",1983-10-12,2,377,35
"KFM1081G",22,"장동혁","張東赫","JANG DONGHYEOK","국민의힘","국민의힘","충남 보령시서천군","constituency","법제사법위원회, 예산결산특별위원회, 순직 해병 수사 방해 및 사건 은폐 등의 진실규명을 위한 국정조사특별위원회, 윤석열정부의비상계엄선포를통한내란혐의진상규명국정조사특별위원회, 헌법재판소 재판관후보자를 겸하는 헌법재판소장(김상환) 임명동의에 관한 인사청문특별위원회, 산업통상자원중소벤처기업위원회, 교육위원회","M",1969-06-02,2,420,23
"CIZ8557P",22,"장종태","張鐘泰","CHANG JONGTAE","더불어민주당","더불어민주당","대전 서구갑","constituency","보건복지위원회, 국토교통위원회, 국회운영위원회","M",1953-02-08,1,990,48
"2NV6751W",22,"장철민","張喆敏","JANG CHULMIN","더불어민주당","더불어민주당","대전 동구","constituency","산업통상자원중소벤처기업위원회, 여성가족위원회, 예산결산특별위원회, 성평등가족위원회","M",1983-05-16,2,973,72
"TJW93720",22,"전용기","田溶冀","JEON YONGGI","더불어민주당","더불어민주당","경기 화성시정","constituency","국토교통위원회, 국회운영위원회, 순직 해병 수사 방해 및 사건 은폐 등의 진실규명을 위한 국정조사특별위원회, 국무총리(김민석) 임명동의에 관한 인사청문특별위원회, 12.29 여객기 참사 진상규명을 위한 국정조사특별위원회, 윤석열 정권 정치검찰 조작기소 의혹 사건 진상규명 국정조사특별위원회, 국무총리(한성숙) 임명동의에 관한 인사청문특별위원회, 제9회전국동시지방선거투표용지부족사태등국민참정권침해진상규명및선거관리개혁을위한국정조사특별위원회","M",1991-10-26,2,765,80
"FYG6302V",22,"전은수","全恩秀","JEON EUN SU","더불어민주당","더불어민주당","충남 아산시을","constituency","산업통상자원중소벤처기업위원회, 성평등가족위원회, 국회운영위원회","F",1984-10-17,1,32,4
"9YO73104",22,"전재수","田載秀","CHUN JAESOO","더불어민주당","더불어민주당","부산 북구갑","constituency","문화체육관광위원회, 산업통상자원중소벤처기업위원회","M",1971-04-20,3,394,34
"P8A4624C",22,"전종덕","全鍾德","CHUN JONGDUK","진보당","더불어민주연합","비례대표","proportional","농림축산식품해양수산위원회, 연금개혁 특별위원회, 예산결산특별위원회, 보건복지위원회","F",1971-11-29,1,827,54
"QUR40502",22,"전진숙","全眞淑","JEON JINSOOK","더불어민주당","더불어민주당","광주 북구을","constituency","보건복지위원회, 여성가족위원회, 12.29여객기참사진상규명과피해자및유가족의피해구제를위한특별위원회, 국회운영위원회, 성평등가족위원회, 12.29 여객기 참사 진상규명을 위한 국정조사특별위원회, 예산결산특별위원회","F",1969-02-05,1,1217,103
"25G2571T",22,"전현희","全賢姬","JEON HYUNHEUI","더불어민주당","더불어민주당","서울 중구성동구갑","constituency","법제사법위원회, 정무위원회","F",1964-11-04,3,595,57
"DAY6557K",22,"정동만","鄭東萬","JEONG DONGMAN","국민의힘","국민의힘","부산 기장군","constituency","국토교통위원회, 행정안전위원회, 산업통상자원중소벤처기업위원회","M",1965-07-18,2,747,51
"ARP89147",22,"정동영","鄭東泳","CHUNG DONGYOUNG","더불어민주당","더불어민주당","전북 전주시병","constituency","과학기술정보방송통신위원회, 순직 해병 수사 방해 및 사건 은폐 등의 진실규명을 위한 국정조사특별위원회, 기획재정위원회, 재정경제기획위원회","M",1953-07-27,5,583,17
"CGW7415Z",22,"정성국","鄭聖國","JUNG SUNGKOOK","국민의힘","국민의힘","부산 부산진구갑","constituency","교육위원회, 국회운영위원회, 12.29 여객기 참사 진상규명을 위한 국정조사특별위원회","M",1971-04-03,1,647,38
"V429892C",22,"정성호","鄭成湖","JUNG SUNGHO","더불어민주당","더불어민주당","경기 동두천시양주시연천군갑","constituency","기획재정위원회, 외교통일위원회, 재정경제기획위원회, 기후에너지환경노동위원회","M",1961-09-10,5,804,50
"8XE7026P",22,"정연욱","鄭然旭","JUNG YEONWOOK","국민의힘","국민의힘","부산 수영구","constituency","과학기술정보방송통신위원회, 문화체육관광위원회, 예산결산특별위원회","M",1965-12-22,1,313,22
"NA61091D",22,"정을호","鄭乙虎","JUNG EULHO","더불어민주당","더불어민주연합","비례대표","proportional","교육위원회, 국회운영위원회","M",1971-01-14,1,542,62
"LT72093S",22,"정일영","鄭日永","CHUNG ILYOUNG","더불어민주당","더불어민주당","인천 연수구을","constituency","기획재정위원회, 예산결산특별위원회, 2025 아시아태평양경제협력체(APEC) 정상회의 지원 특별위원회, 과학기술정보방송통신위원회, 재정경제기획위원회, 대미투자특별법 처리를 위한 특별위원회, 국토교통위원회","M",1957-08-14,2,673,62
"LJK4960Z",22,"정점식","鄭点植","JEONG JEOMSIG","국민의힘","국민의힘","경남 통영시고성군","constituency","법제사법위원회, 예산결산특별위원회, 국토교통위원회, 헌법재판소 재판관(마은혁·정계선·조한창) 선출에 관한 인사청문특별위원회, 감사원장(김호철) 임명동의에 관한 인사청문특별위원회, 국회운영위원회, 외교통일위원회, 정보위원회","M",1965-07-15,3,308,48
"IC499858",22,"정준호","鄭俊鎬","JEONG JUNHO","더불어민주당","더불어민주당","광주 북구갑","constituency","국토교통위원회, 12.29여객기참사진상규명과피해자및유가족의피해구제를위한특별위원회, 헌법재판소 재판관후보자를 겸하는 헌법재판소장(김상환) 임명동의에 관한 인사청문특별위원회, 12.29 여객기 참사 진상규명을 위한 국정조사특별위원회, 문화체육관광위원회, 예산결산특별위원회","M",1980-05-03,1,1928,76
"9HE7226N",22,"정진욱","丁秦旭","CHUNG CHINOOK","더불어민주당","더불어민주당","광주 동구남구갑","constituency","국회운영위원회, 산업통상자원중소벤처기업위원회, 예산결산특별위원회, 대미투자특별법 처리를 위한 특별위원회","M",1964-10-20,1,1198,49
"2385336L",22,"정청래","鄭淸來","JUNG CHUNGRAE","더불어민주당","더불어민주당","서울 마포구을","constituency","법제사법위원회, 국방위원회, 외교통일위원회","M",1965-04-18,4,98,28
"XG348314",22,"정춘생","鄭春生","CHUNG CHOONSAENG","조국혁신당","조국혁신당","비례대표","proportional","행정안전위원회, 여성가족위원회, 성평등가족위원회, 정치개혁특별위원회, 제9회전국동시지방선거투표용지부족사태등국민참정권침해진상규명및선거관리개혁을위한국정조사특별위원회","F",1969-04-25,1,850,116
"UHB5553T",22,"정태호","鄭泰浩","JUNG TAEHO","더불어민주당","더불어민주당","서울 관악구을","constituency","기획재정위원회, 재정경제기획위원회, 대미투자특별법 처리를 위한 특별위원회, 윤석열 정권 정치검찰 조작기소 의혹 사건 진상규명 국정조사특별위원회, 예산결산특별위원회","M",1963-03-20,2,771,75
"BNV6535N",22,"정혜경","鄭惠경","JUNG HYEKYUNG","진보당","더불어민주연합","비례대표","proportional","환경노동위원회, 기후에너지환경노동위원회, 기후위기 특별위원회, 예산결산특별위원회","F",1975-10-19,1,678,74
"PFG2137X",22,"정희용","鄭熙溶","JUNG HEEYONG","국민의힘","국민의힘","경북 고령군성주군칠곡군","constituency","농림축산식품해양수산위원회, 국토교통위원회","M",1976-10-01,2,449,109
"5KV82250",22,"조경태","趙慶泰","CHO KYOUNGTAE","국민의힘","국민의힘","부산 사하구을","constituency","교육위원회, 농림축산식품해양수산위원회, 과학기술정보방송통신위원회","M",1968-01-10,6,713,66
"8TU8443O",22,"조계원","趙啓垣","CHO GYEWON","더불어민주당","더불어민주당","전남 여수시을","constituency","문화체육관광위원회, 예산결산특별위원회","M",1966-08-24,1,1611,84
"T3E4932G",22,"조국","曺國","CHO KUK","조국혁신당","조국혁신당","비례대표","proportional","국방위원회","M",1965-04-06,1,580,10
"IWK63872",22,"조배숙","趙培淑","CHO BAESOOK","국민의힘","국민의미래","비례대표","proportional","법제사법위원회, 대법관(노경필·박영재·이숙연)임명동의에 관한 인사청문특별위원회, 예산결산특별위원회, 대법관(마용주) 임몀동의에 관한 인사청문특별위원회, 헌법재판소 재판관후보자를 겸하는 헌법재판소장(김상환) 임명동의에 관한 인사청문특별위원회, 윤석열 정권 정치검찰 조작기소 의혹 사건 진상규명 국정조사특별위원회, 보건복지위원회","F",1956-09-10,5,562,25
"FYI20317",22,"조승래","趙承來","JO SEOUNGLAE","더불어민주당","더불어민주당","대전 유성구갑","constituency","예산결산특별위원회, 정무위원회, 국방위원회, 기획재정위원회, 재정경제기획위원회","M",1968-02-21,3,702,47
"ME83002L",22,"조승환","趙承煥","CHO SEUNGHWAN","국민의힘","국민의힘","부산 중구영도구","constituency","농림축산식품해양수산위원회, 행정안전위원회, 예산결산특별위원회, 정치개혁특별위원회","M",1966-02-17,1,626,51
"MQU41854",22,"조은희","趙恩禧","CHO EUNHEE","국민의힘","국민의힘","서울 서초구갑","constituency","행정안전위원회, 여성가족위원회, 기후위기 특별위원회, 문화체육관광위원회, 예산결산특별위원회, 성평등가족위원회","F",1961-05-20,2,685,71
"ZKB18611",22,"조인철","趙寅喆","CHO INCHEUL","더불어민주당","더불어민주당","광주 서구갑","constituency","과학기술정보방송통신위원회, 2025 아시아태평양경제협력체(APEC) 정상회의 지원 특별위원회, 국회운영위원회, 12.29 여객기 참사 진상규명을 위한 국정조사특별위원회, 정무위원회, 재정경제기획위원회, 국토교통위원회, 예산결산특별위원회","M",1964-08-19,1,1472,111
"IN328264",22,"조정식","趙正湜","CHO JEONGSIK","무소속","더불어민주당","경기 시흥시을","constituency","외교통일위원회","M",1963-12-25,6,392,27
"WJL30106",22,"조정훈","趙廷訓","CHO JUNGHUN","국민의힘","국민의힘","서울 마포구갑","constituency","법제사법위원회, 예산결산특별위원회, 교육위원회, 2025 아시아태평양경제협력체(APEC) 정상회의 지원 특별위원회, 정치개혁특별위원회, 국무총리(한성숙) 임명동의에 관한 인사청문특별위원회, 정무위원회","M",1972-10-07,2,563,56
"3NI5978A",22,"조지연","趙志娟","CHO JIYEON","국민의힘","국민의힘","경북 경산시","constituency","국회운영위원회, 농림축산식품해양수산위원회, 환경노동위원회, 예산결산특별위원회, 기후위기 특별위원회, 기후에너지환경노동위원회, 산업통상자원중소벤처기업위원회, 성평등가족위원회","F",1987-03-31,1,1027,76
"GJK57930",22,"주진우","朱晋佑","JOO JINWOO","국민의힘","국민의힘","부산 해운대구갑","constituency","법제사법위원회, 국회운영위원회, 대법관(노경필·박영재·이숙연)임명동의에 관한 인사청문특별위원회, 순직 해병 수사 방해 및 사건 은폐 등의 진실규명을 위한 국정조사특별위원회, 윤석열정부의비상계엄선포를통한내란진상규명국정조사특별위원회, 윤석열정부의비상계엄선포를통한내란혐의진상규명국정조사특별위원회, 국무총리(김민석) 임명동의에 관한 인사청문특별위원회, 감사원장(김호철) 임명동의에 관한 인사청문특별위원회, 기후에너지환경노동위원회, 제9회전국동시지방선거투표용지부족사태등국민참정권침해진상규명및선거관리개혁을위한국정조사특별위원회, 대법관(김성수) 임명동의에 관한 인사청문특별위원회","M",1975-05-25,1,403,26
"T465023H",22,"주철현","朱哲鉉","JU CHULHYUN","더불어민주당","더불어민주당","전남 여수시갑","constituency","농림축산식품해양수산위원회, 예산결산특별위원회, 대법관(노경필·박영재·이숙연)임명동의에 관한 인사청문특별위원회, 대법관(김성수) 임명동의에 관한 인사청문특별위원회","M",1959-03-12,2,1038,39
"8SV6917G",22,"주호영","朱豪英","JOO HOYOUNG","국민의힘","국민의힘","대구 수성구갑","constituency","예산결산특별위원회, 산업통상자원중소벤처기업위원회, 행정안전위원회, 문화체육관광위원회","M",1960-12-10,6,624,57
"68P7228G",22,"진선미","陳善美","JIN SUNMEE","더불어민주당","더불어민주당","서울 강동구갑","constituency","교육위원회, 헌법재판소 재판관후보자를 겸하는 헌법재판소장(김상환) 임명동의에 관한 인사청문특별위원회, 문화체육관광위원회","F",1967-05-14,4,702,46
"3C23171A",22,"진성준","陳聲準","JIN SUNGJOON","더불어민주당","더불어민주당","서울 강서구을","constituency","기획재정위원회, 재정경제기획위원회, 대미투자특별법 처리를 위한 특별위원회, 예산결산특별위원회, 국방위원회","M",1967-04-19,3,712,54
"QDU1100U",22,"진종오","秦鍾午","JIN JONGOH","국민의힘","국민의미래","비례대표","proportional","문화체육관광위원회, 행정안전위원회","M",1979-09-24,1,459,39
"KNP22261",22,"차규근","車圭根","CHA GYUGEUN","조국혁신당","조국혁신당","비례대표","proportional","기획재정위원회, 예산결산특별위원회, 산불피해지원대책 특별위원회, 재정경제기획위원회, 대미투자특별법 처리를 위한 특별위원회, 윤석열 정권 정치검찰 조작기소 의혹 사건 진상규명 국정조사특별위원회, 산업통상자원중소벤처기업위원회","M",1968-04-11,1,741,62
"RC885085",22,"차지호","車智浩","CHA JIHO","더불어민주당","더불어민주당","경기 오산시","constituency","외교통일위원회, 기후위기 특별위원회, 예산결산특별위원회, 과학기술정보방송통신위원회","M",1980-07-18,1,483,21
"1S05899F",22,"채현일","蔡鉉一","CHAI HYUNIL","더불어민주당","더불어민주당","서울 영등포구갑","constituency","행정안전위원회, 국무총리(김민석) 임명동의에 관한 인사청문특별위원회, 여성가족위원회, 국회운영위원회, 성평등가족위원회, 대법관(김성수) 임명동의에 관한 인사청문특별위원회","M",1970-07-26,1,928,42
"A494529E",22,"천준호","千俊鎬","CHEON JUNHO","더불어민주당","더불어민주당","서울 강북구갑","constituency","정무위원회, 보건복지위원회, 국토교통위원회, 국회운영위원회, 행정안전위원회, 국방위원회","M",1971-02-15,2,189,35
"YGB8604T",22,"천하람","千하람","CHUN HARAM","개혁신당","개혁신당","비례대표","proportional","국회운영위원회, 기획재정위원회, 대법관(마용주) 임몀동의에 관한 인사청문특별위원회, 예산결산특별위원회, 재정경제기획위원회, 국방위원회","M",1986-07-10,1,239,26
"I5I2468R",22,"최기상","崔基相","CHOI KISANG","더불어민주당","더불어민주당","서울 금천구","constituency","기획재정위원회, 예산결산특별위원회, 대법관(마용주) 임몀동의에 관한 인사청문특별위원회, 재정경제기획위원회, 정무위원회, 기후에너지환경노동위원회","M",1969-10-07,2,492,43
"YS38221N",22,"최민희","崔民熙","CHOI MINHEE","더불어민주당","더불어민주당","경기 남양주시갑","constituency","과학기술정보방송통신위원회, 문화체육관광위원회","F",1960-12-03,2,864,75
"UOS16250",22,"최보윤","崔寶允","CHOI BOYUN","국민의힘","국민의미래","비례대표","proportional","보건복지위원회, 대법관(마용주) 임몀동의에 관한 인사청문특별위원회, 제9회전국동시지방선거투표용지부족사태등국민참정권침해진상규명및선거관리개혁을위한국정조사특별위원회","F",1978-04-27,1,716,97
"WJG74792",22,"최수진","崔秀珍","CHOI SOOJIN","국민의힘","국민의미래","비례대표","proportional","과학기술정보방송통신위원회, 문화체육관광위원회, 국회운영위원회, 행정안전위원회, 산업통상자원중소벤처기업위원회","F",1968-04-16,1,1319,74
"UF53617M",22,"최은석","崔殷碩","CHOI EUNSEOK","국민의힘","국민의힘","대구 동구군위군갑","constituency","기획재정위원회, 예산결산특별위원회, 재정경제기획위원회, 국회운영위원회, 정무위원회","M",1967-06-07,1,855,92
"CC78321E",22,"최혁진","崔赫振","Choi. Hyuck-Jin","무소속","더불어민주연합","비례대표","proportional","외교통일위원회, 헌법재판소 재판관후보자를 겸하는 헌법재판소장(김상환) 임명동의에 관한 인사청문특별위원회, 법제사법위원회, 12.29 여객기 참사 진상규명을 위한 국정조사특별위원회, 국무총리(한성숙) 임명동의에 관한 인사청문특별위원회, 과학기술정보방송통신위원회, 대법관(김성수) 임명동의에 관한 인사청문특별위원회","M",1970-05-02,1,1895,64
"A0P4646G",22,"최형두","崔炯斗","CHOI HYUNGDU","국민의힘","국민의힘","경남 창원시마산합포구","constituency","과학기술정보방송통신위원회, 예산결산특별위원회","M",1962-10-23,2,462,48
"G152611B",22,"추경호","秋慶鎬","CHOO KYUNGHO","국민의힘","국민의힘","대구 달성군","constituency","교육위원회, 국회운영위원회, 보건복지위원회, 정보위원회, 정무위원회","M",1960-07-29,3,335,36
"URV1689Q",22,"추미애","秋美愛","CHOO MIAE","더불어민주당","더불어민주당","경기 하남시갑","constituency","국방위원회, 국회운영위원회, 윤석열정부의비상계엄선포를통한내란진상규명국정조사특별위원회, 윤석열정부의비상계엄선포를통한내란혐의진상규명국정조사특별위원회, 법제사법위원회, 산업통상자원중소벤처기업위원회","F",1958-10-23,6,567,29
"JQA21112",22,"한기호","韓起鎬","HAN KIHO","국민의힘","국민의힘","강원 춘천시철원군화천군양구군을","constituency","예산결산특별위원회, 국방위원회, 윤석열정부의비상계엄선포를통한내란진상규명국정조사특별위원회, 윤석열정부의비상계엄선포를통한내란혐의진상규명국정조사특별위원회, 정보위원회","M",1952-08-13,4,256,26
"5DC8083A",22,"한동훈","韓東勳","HAN DONG HOON","무소속","무소속","부산 북구갑","constituency","예산결산특별위원회, 외교통일위원회","M",1973-04-09,1,25,3
"8JG4358H",22,"한민수","韓玟洙","HAN MINSOO","더불어민주당","더불어민주당","서울 강북구을","constituency","과학기술정보방송통신위원회, 예산결산특별위원회, 기획재정위원회, 재정경제기획위원회, 정무위원회","M",1969-01-15,1,1579,62
"H5476989",22,"한병도","韓秉道","HAN BYUNGDO","더불어민주당","더불어민주당","전북 익산시을","constituency","행정안전위원회, 윤석열정부의비상계엄선포를통한내란진상규명국정조사특별위원회, 윤석열정부의비상계엄선포를통한내란혐의진상규명국정조사특별위원회, 예산결산특별위원회, 국토교통위원회, 국회운영위원회, 정보위원회, 산업통상자원중소벤처기업위원회, 재정경제기획위원회, 교육위원회","M",1967-12-07,3,669,104
"XPP2564T",22,"한정애","韓貞愛","HAN JEOUNGAE","더불어민주당","더불어민주당","서울 강서구병","constituency","외교통일위원회, 기후위기 특별위원회, 국무총리(김민석) 임명동의에 관한 인사청문특별위원회","F",1965-01-08,4,1155,166
"BCQ55105",22,"한준호","韓俊鎬","HAN JUNHO","더불어민주당","더불어민주당","경기 고양시을","constituency","국토교통위원회, 과학기술정보방송통신위원회","M",1974-02-20,2,929,41
"Q918403D",22,"한지아","韓智雅","HAN ZEEA","국민의힘","국민의미래","비례대표","proportional","보건복지위원회, 여성가족위원회, 성평등가족위원회","F",1978-11-01,1,514,61
"T4I4862D",22,"한창민","韓昌旼","HAN CHANGMIN","사회민주당","더불어민주연합","비례대표","proportional","정무위원회","M",1973-07-22,1,700,51
"HHB5652A",22,"허성무","許成武","HUH SUNGMOO","더불어민주당","더불어민주당","경남 창원시성산구","constituency","산업통상자원중소벤처기업위원회, 예산결산특별위원회, 2025 아시아태평양경제협력체(APEC) 정상회의 지원 특별위원회, 산불피해지원대책 특별위원회","M",1963-10-29,1,1615,94
"FU53642G",22,"허영","許榮","HUH YOUNG","더불어민주당","더불어민주당","강원 춘천시철원군화천군양구군갑","constituency","국방위원회, 예산결산특별위원회, 대법관(노경필·박영재·이숙연)임명동의에 관한 인사청문특별위원회, 정무위원회, 국회운영위원회, 대미투자특별법 처리를 위한 특별위원회, 국토교통위원회","M",1970-03-29,2,1587,93
"VCP96419",22,"허종식","許琮植","HEO JONGSIK","더불어민주당","더불어민주당","인천 동구미추홀구갑","constituency","산업통상자원중소벤처기업위원회, 예산결산특별위원회, 기후에너지환경노동위원회, 보건복지위원회","M",1962-02-08,2,986,43
"5MD4184K",22,"홍기원","洪起元","HONG KEEWON","더불어민주당","더불어민주당","경기 평택시갑","constituency","예산결산특별위원회, 외교통일위원회, 2025 아시아태평양경제협력체(APEC) 정상회의 지원 특별위원회","M",1964-12-13,2,880,63
"RJH6314D",22,"황명선","黃明善","HWANG MYEONGSEON","더불어민주당","더불어민주당","충남 논산시계룡시금산군","constituency","기획재정위원회, 순직 해병 수사 방해 및 사건 은폐 등의 진실규명을 위한 국정조사특별위원회, 국방위원회, 행정안전위원회, 예산결산특별위원회","M",1966-09-09,1,1247,53
"0YT3774N",22,"황운하","黃雲夏","HWANG UNHA","조국혁신당","조국혁신당","비례대표","proportional","국토교통위원회, 예산결산특별위원회, 국무총리(김민석) 임명동의에 관한 인사청문특별위원회","M",1962-09-10,2,1184,120
"T6A6557F",22,"황정아","黃靖雅","HWANG JUNGA","더불어민주당","더불어민주당","대전 유성구을","constituency","과학기술정보방송통신위원회, 예산결산특별위원회, 12.29 여객기 참사 진상규명을 위한 국정조사특별위원회","F",1977-03-07,1,953,80
"0VU8517U",22,"황희","黃熙","HWANG HEE","더불어민주당","더불어민주당","서울 양천구갑","constituency","국방위원회, 국토교통위원회","M",1967-07-28,3,348,59
